,Athelete,Sport,Medal
177,Bair Badënov,Male Archery,bronze
676,Ilario Di Buò,Male Archery,silver
682,Im Dong-hyun,Male Archery,gold
760,Jiang Lin,Male Archery,bronze
920,Lee Chang-hwan,Male Archery,gold
950,Li Wenquan,Male Archery,bronze
1043,Marco Galiazzo,Male Archery,silver
1107,Mauro Nespoli,Male Archery,silver
1314,Park Kyung-mo,Male Archery,silver
1710,Viktor Ruban,Male Archery,gold
1768,Xue Haifeng,Male Archery,bronze
2124,Bérengère Schuh,Female Archery,bronze
2160,Chen Ling,Female Archery,silver
2472,Guo Dan,Female Archery,silver
2656,Joo Hyun-Jung,Female Archery,gold
3191,Park Sung-hyun,Female Archery,silver
3424,Sophie Dodemont,Female Archery,bronze
3595,Virginie Arnold,Female Archery,bronze
3696,Yun Ok-hee,Female Archery,bronze
3705,Zhang Juanjuan,Female Archery,gold
3750,Aaron Armstrong,Male Athletics,gold
3767,Ainārs Kovals,Male Athletics,silver
3795,Alex Schwazer,Male Athletics,gold
3809,Alfred Kirwa Yego,Male Athletics,bronze
3842,Andrae Williams,Male Athletics,silver
3850,Andreas Thorkildsen,Male Athletics,gold
3855,Andrei Krauchanka,Male Athletics,silver
3857,Andretti Bain,Male Athletics,silver
3862,Andrew Steele,Male Athletics,bronze
3865,Andrey Silnov,Male Athletics,gold
3876,Angelo Taylor,Male Athletics,gold
3915,Asbel Kiprop,Male Athletics,gold
3921,Avard Moncur,Male Athletics,silver
3951,Bershawn Jackson,Male Athletics,bronze
3981,Brimin Kipruto,Male Athletics,gold
3992,Bruno de Barros,Male Athletics,bronze
3993,Bryan Clay,Male Athletics,gold
4055,Chris Brown,Male Athletics,silver
4059,Christian Cantwell,Male Athletics,silver
4127,David Neville,Male Athletics,bronze
4128,David Oliver,Male Athletics,bronze
4129,David Payne,Male Athletics,silver
4134,Dayron Robles,Male Athletics,gold
4142,Denis Nizhegorodov,Male Athletics,bronze
4145,Derek Miles,Male Athletics,bronze
4179,Dylan Armstrong,Male Athletics,bronze
4190,Edwin Soi,Male Athletics,bronze
4209,Eliud Kipchoge,Male Athletics,silver
4231,Emmanuel Callender,Male Athletics,gold
4312,Gerd Kanter,Male Athletics,gold
4315,Germaine Mason,Male Athletics,silver
4335,Godfrey Khotso Mokoena,Male Athletics,silver
4419,Ibrahim Camejo,Male Athletics,bronze
4449,Irving Saladino,Male Athletics,gold
4456,Ismail Ahmed Ismail,Male Athletics,silver
4458,Ivan Tsikhan,Male Athletics,bronze
4478,Jaouad Gharib,Male Athletics,silver
4480,Jared Tallent,Male Athletics,bronze
4494,Jefferson Pérez,Male Athletics,silver
4504,Jeremy Wariner,Male Athletics,silver
4538,José Carlos Moreira,Male Athletics,bronze
4593,Kenenisa Bekele,Male Athletics,gold
4598,Kerron Clement,Male Athletics,silver
4603,Keston Bledman,Male Athletics,gold
4652,LaShawn Merritt,Male Athletics,gold
4683,Leevan Sands,Male Athletics,bronze
4689,Leonel Suárez,Male Athletics,bronze
4771,Mahiedine Mekhissi-Benabbad,Male Athletics,silver
4786,Marc Burns,Male Athletics,gold
4833,Martyn Rooney,Male Athletics,bronze
4871,Mehdi Baala,Male Athletics,bronze
4887,Micah Kogo,Male Athletics,bronze
4888,Michael Bingham,Male Athletics,bronze
4890,Michael Mathieu,Male Athletics,silver
4948,Naoki Tsukahara,Male Athletics,silver
4974,Nelson Évora,Male Athletics,gold
4978,Nick Willis,Male Athletics,silver
4998,Nobuharu Asahara,Male Athletics,silver
5091,Phillips Idowu,Male Athletics,silver
5093,Piotr Małachowski,Male Athletics,silver
5099,Primož Kozmus,Male Athletics,gold
5121,Ramon Miller,Male Athletics,silver
5135,Reggie Witherspoon,Male Athletics,gold
5150,Richard Mateelong,Male Athletics,bronze
5152,Richard Thompson,Male Athletics,silver
5162,Robert Tobin,Male Athletics,bronze
5215,Samuel Wanjiru,Male Athletics,gold
5219,Sandro Viana,Male Athletics,bronze
5261,Shawn Crawford,Male Athletics,silver
5271,Shingo Suetsugu,Male Athletics,silver
5272,Shinji Takahira,Male Athletics,silver
5275,Sileshi Sihine,Male Athletics,silver
5319,Steve Hooker,Male Athletics,gold
5375,Tero Pitkämäki,Male Athletics,bronze
5411,Tomasz Majewski,Male Athletics,gold
5429,Tsegaye Kebede,Male Athletics,bronze
5435,Usain Bolt,Male Athletics,gold
5436,Vadim Devyatovskiy,Male Athletics,silver
5441,Valeriy Borchin,Male Athletics,gold
5453,Vicente de Lima,Male Athletics,bronze
5467,Virgilijus Alekna,Male Athletics,bronze
5476,Walter Dix,Male Athletics,bronze
5498,Wilfred Bungei,Male Athletics,gold
5535,Yaroslav Rybakov,Male Athletics,bronze
5552,Yevgeny Lukyanenko,Male Athletics,silver
5639,Agnes Osazuwa,Female Athletics,silver
5697,Allyson Felix,Female Athletics,silver
5756,Anna Chicherova,Female Athletics,bronze
5806,Barbora Špotáková,Female Athletics,gold
5836,Blanka Vlašić,Female Athletics,silver
5837,Blessing Okagbare,Female Athletics,silver
5839,Bobby-Gaye Wilkins,Female Athletics,silver
5903,Catherine Ndereba,Female Athletics,silver
5908,Chelsea Hammond,Female Athletics,bronze
5942,Christina Obergföll,Female Athletics,bronze
5946,Christine Ohuruogu,Female Athletics,gold
5959,Constantina Diță,Female Athletics,gold
6007,Dawn Harper-Nelson,Female Athletics,gold
6080,Elisa Rigaudo,Female Athletics,bronze
6108,Ene Franca Idoko,Female Athletics,silver
6122,Eunice Jepkorir,Female Athletics,silver
6165,Françoise Mbango Etone,Female Athletics,gold
6209,Gloria Kemasuode,Female Athletics,silver
6211,Gong Lijiao,Female Athletics,bronze
6233,Gölnara Galkina-Sämitevä,Female Athletics,gold
6236,Halimat Ismaila,Female Athletics,silver
6239,Hanna Mariën,Female Athletics,gold
6244,Hasna Benhassi,Female Athletics,bronze
6287,Hyleas Fountain,Female Athletics,silver
6325,Iryna Lishchynska,Female Athletics,silver
6349,Janeth Jepkosgei,Female Athletics,silver
6374,Jennifer Suhr,Female Athletics,silver
6466,Kelly Sotherton,Female Athletics,bronze
6474,Kerron Stewart,Female Athletics,bronze
6489,Kim Gevaert,Female Athletics,gold
6508,Kjersti Plätzer,Female Athletics,silver
6591,Linet Masai,Female Athletics,bronze
6621,Lucimar de Moura,Female Athletics,bronze
6659,Manuela Montebrun,Female Athletics,bronze
6688,Marilyn Okoro,Female Athletics,bronze
6694,Mariya Abakumova,Female Athletics,silver
6711,Mary Wineberg,Female Athletics,gold
6734,Maurren Maggi,Female Athletics,gold
6748,Melaine Walker,Female Athletics,gold
6759,Meseret Defar,Female Athletics,silver
6804,Monique Henderson,Female Athletics,gold
6822,Nancy Langat,Female Athletics,gold
6835,Nataliya Dobrynska,Female Athletics,gold
6836,Nataliya Tobias,Female Athletics,bronze
6839,Natasha Hastings,Female Athletics,gold
6854,Nicola Sanders,Female Athletics,bronze
6883,Novlene Williams-Mills,Female Athletics,silver
6899,Olena Antonova,Female Athletics,silver
6902,Olga Kaniskina,Female Athletics,gold
6907,Olivia Borlée,Female Athletics,gold
6911,Oludamola Osayomi,Female Athletics,silver
6928,Pamela Jelimo,Female Athletics,gold
6976,Priscilla Lopes-Schliep,Female Athletics,bronze
7061,Rosemar Coelho Neto,Female Athletics,bronze
7062,Rosemarie Whyte,Female Athletics,silver
7065,Rosângela Santos,Female Athletics,bronze
7084,Sally Pearson,Female Athletics,silver
7100,Sanya Richards-Ross,Female Athletics,bronze
7132,Shalane Flanagan,Female Athletics,silver
7139,Sheena Tosta,Female Athletics,silver
7141,Shelly-Ann Fraser-Pryce,Female Athletics,gold
7143,Shereefa Lloyd,Female Athletics,silver
7144,Shericka Williams,Female Athletics,silver
7145,Sherone Simpson,Female Athletics,silver
7169,Song Aimin,Female Athletics,bronze
7186,Stephanie Brown Trafton,Female Athletics,gold
7214,Svetlana Feofanova,Female Athletics,bronze
7217,Sylvia Jebiwott Kibet,Female Athletics,bronze
7240,Tasha Danvers,Female Athletics,bronze
7245,Tatyana Chernova,Female Athletics,bronze
7253,Thaissa Presti,Female Athletics,bronze
7265,Tia Hellebaut,Female Athletics,gold
7278,Tirunesh Dibaba,Female Athletics,gold
7315,Valerie Adams,Female Athletics,gold
7327,Veronica Campbell-Brown,Female Athletics,gold
7416,Yekaterina Volkova,Female Athletics,bronze
7418,Yelena Isinbayeva,Female Athletics,gold
7429,Yipsi Moreno,Female Athletics,gold
7460,Zhang Wenxiu,Female Athletics,silver
7475,Zhou Chunxiu,Female Athletics,bronze
7492,Élodie Ouédraogo,Female Athletics,gold
7751,Cai Yun,Male Badminton,silver
7784,Chen Jin,Male Badminton,bronze
8045,Fu Haifeng,Male Badminton,silver
8123,He Hanbin,Male Badminton,bronze
8134,Hendra Setiawan,Male Badminton,gold
8160,Hwang Ji-man,Male Badminton,bronze
8421,Lee Chong Wei,Male Badminton,silver
8424,Lee Jae-jin,Male Badminton,bronze
8431,Lee Yong-dae,Male Badminton,gold
8459,Lin Dan,Male Badminton,gold
8576,Markis Kido,Male Badminton,gold
8756,Nova Widianto,Male Badminton,silver
9798,Du Jing,Female Badminton,gold
10298,Lee Hyo-jung,Female Badminton,silver
10302,Lee Kyung-won,Female Badminton,silver
10332,Liliyana Natsir,Female Badminton,silver
10425,Maria Kristin Yulianti,Female Badminton,bronze
11118,Wei Yili,Female Badminton,bronze
11136,Xie Xingfang,Female Badminton,silver
11190,Yu Yang,Female Badminton,gold
11208,Zhang Ning,Female Badminton,gold
11216,Zhang Yawen,Female Badminton,bronze
11263,Adiel Palma,Male Baseball,silver
11299,Alexander Malleta,Male Baseball,silver
11306,Alexei Bell,Male Baseball,silver
11310,Alfredo Despaigne,Male Baseball,silver
11406,Ariel Pestano,Male Baseball,silver
11460,Blaine Neal,Male Baseball,bronze
11465,Bong Jung-keun,Male Baseball,gold
11470,Brandon Knight,Male Baseball,bronze
11476,Brett Anderson,Male Baseball,bronze
11477,Brian Barden,Male Baseball,bronze
11478,Brian Duensing,Male Baseball,bronze
11523,Casey Weathers,Male Baseball,bronze
11552,Chong Tae-hyon,Male Baseball,gold
11647,Dexter Fowler,Male Baseball,bronze
11688,Eduardo Paret,Male Baseball,silver
11704,Elier Sánchez,Male Baseball,silver
11738,Eriel Sánchez,Male Baseball,silver
11791,Frederich Cepeda,Male Baseball,silver
11825,Giorvis Duvergel,Male Baseball,silver
11863,Han Ki-joo,Male Baseball,gold
11913,Hyun-jin Ryu,Male Baseball,gold
11914,Héctor Olivera,Male Baseball,silver
11964,Jake Arrieta,Male Baseball,bronze
11976,Jang Won-sam,Male Baseball,gold
11983,Jason Donald,Male Baseball,bronze
11990,Jayson Nix,Male Baseball,bronze
11993,Jeff Stevens,Male Baseball,bronze
12002,Jeong Keun-woo,Male Baseball,gold
12003,Jeremy Cummings,Male Baseball,bronze
12018,Jin Kab-yong,Male Baseball,gold
12024,John Gall,Male Baseball,bronze
12030,Jonder Martínez,Male Baseball,silver
12067,Kang Min-ho,Male Baseball,gold
12106,Kevin Jepsen,Male Baseball,bronze
12113,Kim Dong-ju,Male Baseball,gold
12116,Kim Hyun-soo,Male Baseball,gold
12119,Kim Kwang-hyun,Male Baseball,gold
12121,Kim Min-jae,Male Baseball,gold
12135,Ko Young-min,Male Baseball,gold
12145,Kwon Hyuk,Male Baseball,gold
12172,Lee Dae-ho,Male Baseball,gold
12175,Lee Jin-young,Male Baseball,gold
12176,Lee Jong-wook,Male Baseball,gold
12179,Lee Seung-yuop,Male Baseball,gold
12180,Lee Taek-keun,Male Baseball,gold
12182,Lee Yong-kyu,Male Baseball,gold
12233,Lou Marson,Male Baseball,bronze
12250,Luis Miguel Navas,Male Baseball,silver
12251,Luis Miguel Rodríguez,Male Baseball,silver
12343,Matt LaPorta,Male Baseball,bronze
12348,Matthew Brown,Male Baseball,bronze
12399,Michel Enríquez,Male Baseball,silver
12404,Miguel Lahera,Male Baseball,silver
12410,Mike Hessman,Male Baseball,bronze
12411,Mike Koplove,Male Baseball,bronze
12467,Nate Schierholtz,Male Baseball,bronze
12503,Norberto González,Male Baseball,silver
12504,Norge Luis Vera,Male Baseball,silver
12514,Oh Seung-hwan,Male Baseball,gold
12563,Park Jin-man,Male Baseball,gold
12578,Pedro Luis Lazo,Male Baseball,silver
12674,Rolando Meriño,Male Baseball,silver
12797,Song Seung-jun,Male Baseball,gold
12817,Stephen Strasburg,Male Baseball,bronze
12871,Taylor Teagarden,Male Baseball,bronze
12876,Terry Tiffee,Male Baseball,bronze
12927,Trevor Cahill,Male Baseball,bronze
12958,Vicyohandri Odelín,Male Baseball,silver
13020,Yadier Pedroso,Male Baseball,silver
13056,Yoandry Urgellés,Male Baseball,silver
13061,Yoon Suk-min,Male Baseball,gold
13068,Yulieski Gurriel,Male Baseball,silver
13248,Andrés Nocioni,Male Basketball,bronze
13277,Antonio Porta,Male Basketball,bronze
13325,Berni Rodríguez,Male Basketball,silver
13384,Carlos Boozer,Male Basketball,gold
13385,Carlos Delfino,Male Basketball,bronze
13387,Carlos Jiménez,Male Basketball,silver
13391,Carmelo Anthony,Male Basketball,gold
13429,Chris Bosh,Male Basketball,gold
13433,Chris Paul,Male Basketball,gold
13552,Dwight Howard,Male Basketball,gold
13553,Dwyane Wade,Male Basketball,gold
13635,Fabricio Oberto,Male Basketball,bronze
13641,Federico Kammerichs,Male Basketball,bronze
13643,Felipe Reyes,Male Basketball,silver
13860,Jason Kidd,Male Basketball,gold
13907,Jorge Garbajosa,Male Basketball,silver
13912,José Calderón,Male Basketball,silver
13918,Juan Carlos Navarro,Male Basketball,silver
13921,Juan Pedro Gutiérrez,Male Basketball,bronze
14011,Kobe Bryant,Male Basketball,gold
14043,LeBron James,Male Basketball,gold
14063,Leonardo Gutiérrez,Male Basketball,bronze
14127,Luis Scola,Male Basketball,bronze
14155,Manu Ginóbili,Male Basketball,bronze
14162,Marc Gasol,Male Basketball,silver
14268,Michael Redd,Male Basketball,gold
14423,Pablo Prigioni,Male Basketball,bronze
14435,Paolo Quinteros,Male Basketball,bronze
14446,Pau Gasol,Male Basketball,silver
14504,Raül López,Male Basketball,silver
14530,Ricky Rubio,Male Basketball,silver
14554,Román González,Male Basketball,bronze
14569,Rudy Fernández,Male Basketball,silver
14747,Tayshaun Prince,Male Basketball,gold
14989,Álex Mumbrú,Male Basketball,silver
15186,Becky Hammon,Female Basketball,bronze
15188,Belinda Snell,Female Basketball,silver
15254,Candace Parker,Female Basketball,gold
15255,Cappie Pondexter,Female Basketball,gold
15385,DeLisha Milton-Jones,Female Basketball,gold
15399,Diana Taurasi,Female Basketball,gold
15479,Emma Randall,Female Basketball,silver
15492,Erin Phillips,Female Basketball,silver
15646,Hollie Grima,Female Basketball,silver
15679,Ilona Korstin,Female Basketball,bronze
15696,Irina Osipova,Female Basketball,bronze
15698,Irina Sokolovskaya,Female Basketball,bronze
15746,Jenni Screen,Female Basketball,silver
15819,Kara Lawson,Female Basketball,gold
15834,Katie Smith,Female Basketball,gold
15890,Kristi Harrower,Female Basketball,silver
15910,Laura Summerton,Female Basketball,silver
15912,Lauren Jackson,Female Basketball,silver
15970,Lisa Leslie,Female Basketball,gold
16052,Maria Stepanova,Female Basketball,bronze
16064,Marina Karpunina,Female Basketball,bronze
16065,Marina Kuzina,Female Basketball,bronze
16204,Natalia Vodopyanova,Female Basketball,bronze
16296,Oxana Rakhmatulina,Female Basketball,bronze
16329,Penny Taylor,Female Basketball,silver
16422,Rohanee Cox,Female Basketball,silver
16494,Seimone Augustus,Female Basketball,gold
16576,Sue Bird,Female Basketball,gold
16585,Suzy Batkovic,Female Basketball,silver
16587,Svetlana Abrosimova,Female Basketball,bronze
16591,Sylvia Fowles,Female Basketball,gold
16600,Tamika Catchings,Female Basketball,gold
16619,Tatiana Shchegoleva,Female Basketball,bronze
16652,Tina Thompson,Female Basketball,gold
16680,Tully Bevilaqua,Female Basketball,silver
16789,Yekaterina Lisina,Female Basketball,bronze
16908,Aleksei Tishchenko,Male Boxing,gold
16933,Alexis Vastine,Male Boxing,bronze
16993,Andry Laffita,Male Boxing,silver
17054,Bakhyt Sarsekbayev,Male Boxing,gold
17114,Bruno Julie,Male Boxing,bronze
17133,Carlos Banteux,Male Boxing,silver
17205,Clemente Russo,Male Boxing,silver
17235,Daouda Sow,Male Boxing,silver
17239,Darren Sutherland,Male Boxing,bronze
17255,David Price,Male Boxing,bronze
17269,Deontay Wilder,Male Boxing,bronze
17345,Emilio Correa,Male Boxing,silver
17360,Enkhbatyn Badar-Uugan,Male Boxing,gold
17434,Georgy Balakshin,Male Boxing,bronze
17525,Hrachik Javakhyan,Male Boxing,bronze
17591,James DeGale,Male Boxing,gold
17690,Kanat Islam,Male Boxing,bronze
17720,Kenny Egan,Male Boxing,silver
17734,Khedafi Djelkhir,Male Boxing,silver
17743,Kim Jung-joo,Male Boxing,bronze
17907,Manuel Félix Díaz,Male Boxing,gold
17910,Manus Boonjumnong,Male Boxing,silver
17976,Matthew Luu,Male Boxing,bronze
18167,Osmay Acosta,Male Boxing,bronze
18175,Paddy Barnes,Male Boxing,bronze
18228,Pürevdorjiin Serdamba,Male Boxing,silver
18241,Rakhim Chakhkiyev,Male Boxing,gold
18288,Roberto Cammarelle,Male Boxing,gold
18308,Roniel Iglesias,Male Boxing,bronze
18381,Shahin Imranov,Male Boxing,bronze
18417,Somjit Jongjohor,Male Boxing,gold
18545,Tony Jeffries,Male Boxing,bronze
18572,Vasyl Lomachenko,Male Boxing,gold
18573,Veaceslav Gojan,Male Boxing,bronze
18584,Vijender Singh,Male Boxing,bronze
18589,Vincenzo Picardi,Male Boxing,bronze
18646,Yakup Kılıç,Male Boxing,bronze
18648,Yampier Hernández,Male Boxing,bronze
18658,Yankiel León,Male Boxing,silver
18673,Yerkebulan Shynaliyev,Male Boxing,bronze
18689,Yordenis Ugás,Male Boxing,bronze
18714,Zhang Xiaoping,Male Boxing,gold
18719,Zhang Zhilei,Male Boxing,silver
18737,Zou Shiming,Male Boxing,gold
18762,Adam van Koeverden,Male Canoeing And Kayaking,silver
18780,Aleksandr Kostoglod,Male Canoeing And Kayaking,silver
18798,Alexander Grimm,Male Canoeing And Kayaking,gold
18812,Aliaksandr Bahdanovich,Male Canoeing And Kayaking,gold
18813,Aliaksei Abalmasau,Male Canoeing And Kayaking,gold
18844,Andrea Facchin,Male Canoeing And Kayaking,bronze
18849,Andreas Ihle,Male Canoeing And Kayaking,gold
18854,Andrei Bahdanovich,Male Canoeing And Kayaking,gold
18903,Antonio Scaduto,Male Canoeing And Kayaking,bronze
18914,Artur Litvinchuk,Male Canoeing And Kayaking,gold
18920,Attila Vajda,Male Canoeing And Kayaking,gold
18944,Benjamin Boukpeti,Male Canoeing And Kayaking,bronze
18959,Björn Goldschmidt,Male Canoeing And Kayaking,bronze
19015,Carlos Pérez Rial,Male Canoeing And Kayaking,gold
19060,Christian Gille,Male Canoeing And Kayaking,bronze
19117,David Cal,Male Canoeing And Kayaking,silver
19122,David Florence,Male Canoeing And Kayaking,silver
19166,Dmitry Larionov,Male Canoeing And Kayaking,bronze
19194,Eirik Verås Larsen,Male Canoeing And Kayaking,silver
19240,Erik Vlček,Male Canoeing And Kayaking,silver
19258,Fabien Lefèvre,Male Canoeing And Kayaking,silver
19356,György Kozmann,Male Canoeing And Kayaking,bronze
19481,Jaroslav Volf,Male Canoeing And Kayaking,silver
19556,Juraj Tarr,Male Canoeing And Kayaking,silver
19592,Ken Wallace,Male Canoeing And Kayaking,gold
19627,Kim Wraae Knudsen,Male Canoeing And Kayaking,silver
19755,Lutz Altepost,Male Canoeing And Kayaking,bronze
19830,Martin Hollstein,Male Canoeing And Kayaking,gold
19863,Maxim Opalev,Male Canoeing And Kayaking,gold
19880,Meng Guanliang,Male Canoeing And Kayaking,gold
19894,Michal Martikán,Male Canoeing And Kayaking,gold
19895,Michal Riszdorfer,Male Canoeing And Kayaking,silver
19914,Mikhail Kuznetsov,Male Canoeing And Kayaking,bronze
20005,Norman Bröckl,Male Canoeing And Kayaking,bronze
20039,Ondřej Štěpánek,Male Canoeing And Kayaking,silver
20076,Pavol Hochschorner,Male Canoeing And Kayaking,gold
20082,Peter Hochschorner,Male Canoeing And Kayaking,gold
20118,Raman Pietrushenka,Male Canoeing And Kayaking,bronze
20144,René Holten Poulsen,Male Canoeing And Kayaking,silver
20151,Richard Riszdorfer,Male Canoeing And Kayaking,silver
20164,Robin Bell,Male Canoeing And Kayaking,bronze
20180,Ronald Rauhe,Male Canoeing And Kayaking,silver
20238,Saúl Craviotto,Male Canoeing And Kayaking,gold
20250,Sergey Ulegin,Male Canoeing And Kayaking,silver
20351,Tamás Kiss,Male Canoeing And Kayaking,bronze
20386,Thomas Hall,Male Canoeing And Kayaking,bronze
20396,Tim Brabants,Male Canoeing And Kayaking,bronze
20399,Tim Wieskötter,Male Canoeing And Kayaking,silver
20413,Tomasz Wylenzek,Male Canoeing And Kayaking,bronze
20423,Torsten Eckbrett,Male Canoeing And Kayaking,bronze
20438,Vadzim Makhneu,Male Canoeing And Kayaking,bronze
20529,Yang Wenjun,Male Canoeing And Kayaking,gold
20572,Yuriy Cheban,Male Canoeing And Kayaking,bronze
20749,Aneta Konieczna,Female Canoeing And Kayaking,silver
20768,Anne-Laure Viard,Female Canoeing And Kayaking,bronze
20809,Beata Mikołajczyk,Female Canoeing And Kayaking,silver
20906,Chantal Meek,Female Canoeing And Kayaking,bronze
20958,Conny Waßmuth,Female Canoeing And Kayaking,gold
20983,Danuta Kozák,Female Canoeing And Kayaking,silver
21077,Elena Kaliská,Female Canoeing And Kayaking,gold
21136,Fanny Fischer,Female Canoeing And Kayaking,gold
21175,Gabriella Szabó,Female Canoeing And Kayaking,silver
21241,Hannah Davis,Female Canoeing And Kayaking,bronze
21313,Inna Osypenko-Radomska,Female Canoeing And Kayaking,gold
21336,Jacqueline Lawrence,Female Canoeing And Kayaking,silver
21408,Josefa Idem,Female Canoeing And Kayaking,silver
21452,Katalin Kovács,Female Canoeing And Kayaking,gold
21461,Katrin Wagner-Augustin,Female Canoeing And Kayaking,bronze
21596,Lisa Oldenhof,Female Canoeing And Kayaking,bronze
21632,Lyndsie Fogarty,Female Canoeing And Kayaking,bronze
21684,Marie Delattre,Female Canoeing And Kayaking,bronze
21838,Natasa Dusev-Janics,Female Canoeing And Kayaking,gold
21860,Nicole Reinhardt,Female Canoeing And Kayaking,gold
22340,Violetta Oblinger-Peters,Female Canoeing And Kayaking,bronze
22552,Alexandr Kolobnev,Male Road Bicycle Racing,bronze
23002,Fabian Cancellara,Male Road Bicycle Racing,silver
23102,Gustav Larsson,Male Road Bicycle Racing,silver
23442,Levi Leipheimer,Male Road Bicycle Racing,bronze
23964,Samuel Sánchez,Male Road Bicycle Racing,gold
24850,Emma Johansson,Female Road Bicycle Racing,silver
24853,Emma Pooley,Female Road Bicycle Racing,silver
25199,Karin Thürig,Female Road Bicycle Racing,bronze
25266,Kristin Armstrong,Female Road Bicycle Racing,gold
25608,Nicole Cooke,Female Road Bicycle Racing,gold
25992,Tatiana Guderzo,Female Road Bicycle Racing,bronze
26293,Alex Rasmussen,Male Track Cycling,silver
26307,Alexei Markov,Male Track Cycling,bronze
26410,Arnaud Tournant,Male Track Cycling,silver
26468,Bradley Wiggins,Male Track Cycling,gold
26524,Casper Jørgensen,Male Track Cycling,silver
26556,Chris Hoy,Male Track Cycling,gold
26557,Chris Newton,Male Track Cycling,bronze
26683,Ed Clancy,Male Track Cycling,gold
26811,Geraint Thomas,Male Track Cycling,gold
26841,Grégory Baugé,Male Track Cycling,silver
26870,Hayden Roulston,Male Track Cycling,silver
26970,Jamie Staff,Male Track Cycling,gold
26984,Jason Kenny,Male Track Cycling,silver
27000,Jens-Erik Madsen,Male Track Cycling,silver
27005,Jesse Sergent,Male Track Cycling,bronze
27020,Joan Llaneras Roselló,Male Track Cycling,silver
27044,Juan Curuchet,Male Track Cycling,gold
27132,Kiyofumi Nagai,Male Track Cycling,bronze
27150,Kévin Sireau,Male Track Cycling,silver
27288,Marc Ryan,Male Track Cycling,bronze
27364,Maximilian Levy,Male Track Cycling,bronze
27389,Michael Færk Christensen,Male Track Cycling,silver
27391,Michael Mørkøv,Male Track Cycling,silver
27401,Mickaël Bourgain,Male Track Cycling,bronze
27413,Mikhail Ignatiev,Male Track Cycling,bronze
27573,Paul Manning,Male Track Cycling,gold
27643,René Enders,Male Track Cycling,bronze
27671,Roger Kluge,Male Track Cycling,silver
27688,Ross Edgar,Male Track Cycling,silver
27711,Sam Bewley,Male Track Cycling,bronze
27808,Stefan Nimke,Male Track Cycling,bronze
27821,Steven Burke,Male Track Cycling,bronze
27916,Toni Tauler,Male Track Cycling,silver
27977,Walter Pérez,Male Track Cycling,gold
27996,Westley Gough,Male Track Cycling,bronze
28260,Anna Meares,Female Track Cycling,silver
28724,Guo Shuang,Female Track Cycling,bronze
29059,Leire Olaberria,Female Track Cycling,bronze
29065,Lesya Kalytovska,Female Track Cycling,bronze
29182,Marianne Vos,Female Track Cycling,gold
29507,Rebecca Romero,Female Track Cycling,gold
29832,Victoria Pendleton,Female Track Cycling,gold
29870,Wendy Houvenaghel,Female Track Cycling,silver
29932,Yoanka González,Female Track Cycling,silver
30741,Jean-Christophe Péraud,Male Mountain Biking,silver
30800,Julien Absalon,Male Mountain Biking,gold
31247,Nino Schurter,Male Mountain Biking,bronze
32570,Irina Kalentieva,Female Mountain Biking,bronze
32898,Maja Włoszczowska,Female Mountain Biking,silver
33330,Sabine Spitz,Female Mountain Biking,gold
34170,Donny Robinson,Male Bmx,bronze
34909,Mike Day,Male Bmx,silver
34941,Māris Štrombergs,Male Bmx,gold
35767,Anne-Caroline Chausson,Female Bmx,gold
36391,Jill Kintner,Female Bmx,bronze
36542,Laëtitia Le Corguillé,Female Bmx,silver
37553,Alexandre Despatie,Male Diving,silver
37913,Dmitri Sautin,Male Diving,silver
37914,Dmitriy Dobroskok,Male Diving,bronze
38082,Gleb Galperin,Male Diving,bronze
38122,He Chong,Male Diving,gold
38159,Huo Liang,Male Diving,gold
38178,Illya Kvasha,Male Diving,bronze
38460,Lin Yue,Male Diving,gold
38602,Matthew Mitcham,Male Diving,gold
38773,Oleksiy Pryhorov,Male Diving,bronze
38818,Patrick Hausding,Male Diving,silver
38854,Qin Kai,Male Diving,bronze
38983,Sascha Klein,Male Diving,silver
39230,Wang Feng,Male Diving,gold
39323,Yuriy Kunakov,Male Diving,silver
39351,Zhou Lüxin,Male Diving,silver
39461,Anastasia Pozdniakova,Female Diving,silver
39607,Briony Cole,Female Diving,silver
39662,Chen Ruolin,Female Diving,gold
39787,Ditte Kotzian,Female Diving,bronze
39973,Guo Jingjing,Female Diving,gold
40006,Heike Fischer,Female Diving,bronze
40504,Melissa Wu,Female Diving,silver
40682,Paola Espinosa,Female Diving,bronze
40993,Tatiana Ortiz,Female Diving,bronze
41113,Wang Xin,Female Diving,bronze
41128,Wu Minxia,Female Diving,bronze
41195,Yuliya Pakhalina,Female Diving,silver
41243,Émilie Heymans,Female Diving,silver
41379,Anky van Grunsven,Female Equestrian Sport,gold
41391,Anne van Olst,Female Equestrian Sport,bronze
41437,Beezie Madden,Female Equestrian Sport,bronze
41566,Christina Liebherr,Female Equestrian Sport,bronze
41596,Daisy Dick,Female Equestrian Sport,bronze
41822,Gina Miles,Female Equestrian Sport,silver
41882,Heike Kemmer,Female Equestrian Sport,bronze
41934,Imke Bartels,Female Equestrian Sport,silver
41937,Ingrid Klimke,Female Equestrian Sport,gold
41954,Isabell Werth,Female Equestrian Sport,silver
42015,Jill Henselwood,Female Equestrian Sport,silver
42142,Kristina Cook,Female Equestrian Sport,bronze
42158,Laura Kraut,Female Equestrian Sport,gold
42247,Lucinda Fredericks,Female Equestrian Sport,silver
42334,Mary King,Female Equestrian Sport,bronze
42369,Megan Jones,Female Equestrian Sport,silver
42443,Nadine Capellmann,Female Equestrian Sport,gold
42600,Princess Nathalie of Sayn-Wittgenstein-Berleburg,Female Equestrian Sport,bronze
42760,Sharon Hunt,Female Equestrian Sport,bronze
42798,Sonja Johnson,Female Equestrian Sport,silver
43222,Andreas Dibowski,Male Equestrian Sport,gold
43223,Andreas Helgstrand,Male Equestrian Sport,bronze
43453,Clayton Fredericks,Male Equestrian Sport,silver
43612,Eric Lamaze,Male Equestrian Sport,gold
43664,Frank Ostholt,Male Equestrian Sport,gold
43743,Hans Peter Minderhoud,Male Equestrian Sport,silver
43766,Hinrich Romeike,Male Equestrian Sport,gold
43793,Ian Millar,Male Equestrian Sport,silver
44142,Mac Cone,Male Equestrian Sport,silver
44242,McLain Ward,Male Equestrian Sport,gold
44367,Niklaus Schurtenberger,Male Equestrian Sport,bronze
44460,Peter Thomsen,Male Equestrian Sport,gold
44470,Pius Schwizer,Male Equestrian Sport,bronze
44550,Rolf-Göran Bengtsson,Male Equestrian Sport,silver
44633,Shane Rose,Male Equestrian Sport,silver
44693,Steve Guerdat,Male Equestrian Sport,bronze
44874,Will Simpson,Male Equestrian Sport,gold
44875,William Fox-Pitt,Male Equestrian Sport,bronze
45010,Adam Wiercioch,Male Fencing,silver
45024,Aldo Montano,Male Fencing,bronze
45061,Alfredo Rota,Male Fencing,bronze
45196,Benjamin Kleibrink,Male Fencing,gold
45216,Boris Sanson,Male Fencing,gold
45403,Diego Confalonieri,Male Fencing,bronze
45404,Diego Occhiuzzi,Male Fencing,bronze
45509,Fabrice Jeannet,Male Fencing,silver
45569,Gianpiero Pastore,Male Fencing,bronze
45717,James Leighman Williams,Male Fencing,silver
45737,Jason Rogers,Male Fencing,silver
45790,José Luis Abajo,Male Fencing,bronze
45804,Julien Pillet,Male Fencing,gold
45811,Jérôme Jeannet,Male Fencing,gold
45838,Keeth Smart,Male Fencing,silver
45999,Luigi Tarantino,Male Fencing,bronze
46097,Matteo Tagliariol,Male Fencing,gold
46155,Mihai Covaliu,Male Fencing,bronze
46231,Nicolas Lopez,Male Fencing,silver
46358,Radosław Zawrotniak,Male Fencing,silver
46409,Robert Andrzejuk,Male Fencing,silver
46460,Salvatore Sanzo,Male Fencing,bronze
46559,Stefano Carozzo,Male Fencing,bronze
46648,Tim Morehouse,Male Fencing,silver
46662,Tomasz Motyka,Male Fencing,silver
46683,Ulrich Robeiri,Male Fencing,gold
46827,Yūki Ōta,Male Fencing,silver
46849,Zhong Man,Male Fencing,gold
46891,Aida Shanayeva,Female Fencing,gold
46956,Ana Maria Popescu,Female Fencing,silver
47055,Bao Yingying,Female Fencing,silver
47108,Britta Heidemann,Female Fencing,gold
47347,Emily Cross,Female Fencing,silver
47368,Erinn Smart,Female Fencing,silver
47451,Giovanna Trillini,Female Fencing,bronze
47487,Halyna Pundyk,Female Fencing,gold
47490,Hanna Thompson,Female Fencing,silver
47528,Huang Haiyang,Female Fencing,silver
47550,Ilaria Salvatori,Female Fencing,bronze
47552,Ildikó Mincza-Nébald,Female Fencing,bronze
47924,Margherita Granbassi,Female Fencing,bronze
47936,Mariel Zagunis,Female Fencing,gold
48071,Nam Hyun-Hee,Female Fencing,silver
48100,Ni Hong,Female Fencing,silver
48150,Olena Khomrova,Female Fencing,gold
48154,Olha Kharlan,Female Fencing,gold
48155,Olha Zhovnir,Female Fencing,gold
48259,Rebecca Ward,Female Fencing,bronze
48332,Sada Jacobson,Female Fencing,silver
48463,Svetlana Boiko,Female Fencing,gold
48481,Tan Xue,Female Fencing,silver
48564,Valentina Vezzali,Female Fencing,gold
48586,Viktoria Nikishina,Female Fencing,gold
48675,Yevgeniya Lamonova,Female Fencing,gold
48772,Albert Sala,Male Field Hockey,silver
48791,Alex Fàbregas,Male Field Hockey,silver
48861,Andrew Smith,Male Field Hockey,bronze
48948,Benjamin Weß,Male Field Hockey,gold
48955,Bevan George,Male Field Hockey,bronze
49013,Carlos Nevado,Male Field Hockey,gold
49075,Christopher Zeller,Male Field Hockey,gold
49115,David Alegre,Male Field Hockey,silver
49123,David Guest,Male Field Hockey,bronze
49146,Des Abbott,Male Field Hockey,bronze
49184,Eddie Ockenden,Male Field Hockey,bronze
49186,Eduard Arbós,Male Field Hockey,silver
49187,Eduard Tubau,Male Field Hockey,silver
49203,Eli Matheson,Male Field Hockey,bronze
49273,Fergus Kavanagh,Male Field Hockey,bronze
49280,Florian Keller,Male Field Hockey,gold
49287,Francisco Cortés,Male Field Hockey,silver
49288,Francisco Fábregas Monegal,Male Field Hockey,silver
49339,Grant Schubert,Male Field Hockey,bronze
49469,Jamie Dwyer,Male Field Hockey,bronze
49472,Jan-Marco Montag,Male Field Hockey,gold
49545,Juan Fernández La Villa,Male Field Hockey,silver
49611,Kiel Brown,Male Field Hockey,bronze
49703,Liam de Young,Male Field Hockey,bronze
49753,Luke Doerner,Male Field Hockey,bronze
49824,Mark Knowles,Male Field Hockey,bronze
49853,Matthew Wells,Male Field Hockey,bronze
49855,Matthias Witthaus,Male Field Hockey,gold
49861,Max Weinhold,Male Field Hockey,gold
49865,Maximilian Müller,Male Field Hockey,gold
49933,Moritz Fürste,Male Field Hockey,gold
49991,Niklas Meinert,Male Field Hockey,gold
50031,Oliver Korn,Male Field Hockey,gold
50089,Philip Witte,Male Field Hockey,gold
50090,Philipp Zeller,Male Field Hockey,gold
50096,Pol Amat,Male Field Hockey,silver
50122,Ramón Alegre,Male Field Hockey,silver
50160,Robert Hammond,Male Field Hockey,bronze
50166,Roc Oliva,Male Field Hockey,silver
50168,Rodrigo Garza,Male Field Hockey,silver
50223,Santi Freixa,Male Field Hockey,silver
50243,Sebastian Biederlack,Male Field Hockey,gold
50251,Sergi Enrique,Male Field Hockey,silver
50315,Stephen Lambert,Male Field Hockey,bronze
50394,Tibor Weißenborn,Male Field Hockey,gold
50401,Timo Weß,Male Field Hockey,gold
50404,Tobias Hauke,Male Field Hockey,gold
50426,Travis Brooks,Male Field Hockey,bronze
50473,Víctor Sojo,Male Field Hockey,silver
50507,Xavier Ribas,Male Field Hockey,silver
50650,Alejandra Gulla,Female Field Hockey,bronze
50815,Belén Succi,Female Field Hockey,bronze
50881,Carla Rebecchi,Female Field Hockey,bronze
50911,Chen Qiuqi,Female Field Hockey,silver
50917,Chen Zhaoxia,Female Field Hockey,silver
50919,Cheng Hui,Female Field Hockey,silver
50952,Claudia Burkart,Female Field Hockey,bronze
51066,Eefke Mulder,Female Field Hockey,gold
51087,Ellen Hoog,Female Field Hockey,gold
51123,Eva de Goede,Female Field Hockey,gold
51137,Fatima Moreira de Melo,Female Field Hockey,gold
51169,Fu Baorong,Female Field Hockey,silver
51176,Gao Lihua,Female Field Hockey,silver
51204,Giselle Kañevsky,Female Field Hockey,bronze
51279,Huang Junxia,Female Field Hockey,silver
51352,Janneke Schopman,Female Field Hockey,gold
51570,Li Hongxia,Female Field Hockey,silver
51574,Li Shuang,Female Field Hockey,silver
51581,Lidewij Welten,Female Field Hockey,gold
51597,Lisanne de Roever,Female Field Hockey,gold
51617,Luciana Aymar,Female Field Hockey,bronze
51637,Ma Yibo,Female Field Hockey,silver
51640,Maartje Goderie,Female Field Hockey,gold
51641,Maartje Paumen,Female Field Hockey,gold
51645,Magdalena Aicega,Female Field Hockey,bronze
51679,Mariana González Oliva,Female Field Hockey,bronze
51680,Mariana Rossi,Female Field Hockey,bronze
51687,Marilyn Agliotti,Female Field Hockey,gold
51691,Mariné Russo,Female Field Hockey,bronze
51713,María de la Paz Hernández,Female Field Hockey,bronze
51756,Mercedes Margalot,Female Field Hockey,bronze
51777,Miek van Geenhuizen,Female Field Hockey,gold
51794,Minke Booij,Female Field Hockey,gold
51795,Minke Smeets,Female Field Hockey,gold
51824,Naomi van As,Female Field Hockey,gold
51875,Noel Barrionuevo,Female Field Hockey,bronze
51929,Pan Fengzhen,Female Field Hockey,silver
51934,Paola Vukojicic,Female Field Hockey,bronze
52014,Ren Ye,Female Field Hockey,silver
52060,Rosario Luchetti,Female Field Hockey,bronze
52165,Soledad García,Female Field Hockey,bronze
52171,Song Qingling,Female Field Hockey,silver
52175,Sophie Polkamp,Female Field Hockey,gold
52234,Tang Chunling,Female Field Hockey,silver
52372,Wieke Dijkstra,Female Field Hockey,gold
52467,Zhang Yimeng,Female Field Hockey,silver
52472,Zhao Yudiao,Female Field Hockey,silver
52478,Zhou Wanfeng,Female Field Hockey,silver
52544,Alex Sandro da Silva,Male Association Football,bronze
52554,Alexandre Pato,Male Association Football,bronze
52576,Ambruse Vanzekin,Male Association Football,silver
52590,Anderson,Male Association Football,bronze
52724,Breno Borges,Male Association Football,bronze
52796,Chibuzor Okonkwo,Male Association Football,silver
52799,Chinedu Obasi,Male Association Football,silver
52889,Dele Adeleye,Male Association Football,silver
52901,Diego Alves,Male Association Football,bronze
52902,Diego Buonanotte,Male Association Football,gold
52905,Diego Ribas da Cunha,Male Association Football,bronze
52942,Efe Ambrose,Male Association Football,silver
52982,Emmanuel Ekpo,Male Association Football,silver
53000,Ezequiel Garay,Male Association Football,gold
53001,Ezequiel Lavezzi,Male Association Football,gold
53015,Federico Fazio,Male Association Football,gold
53026,Fernando Gago,Male Association Football,gold
53138,Hernanes,Male Association Football,bronze
53172,Ikechukwu Ezenwa,Male Association Football,silver
53181,Ilsinho,Male Association Football,bronze
53202,Isaac Promise,Male Association Football,silver
53239,Javier Mascherano,Male Association Football,gold
53291,José Sosa,Male Association Football,gold
53297,Juan Román Riquelme,Male Association Football,gold
53312,Jô,Male Association Football,bronze
53415,Lautaro Acosta,Male Association Football,gold
53468,Lionel Messi,Male Association Football,gold
53491,Lucas Leiva,Male Association Football,bronze
53493,Luciano Fabián Monzón,Male Association Football,gold
53539,Marcel,Male Association Football,bronze
53677,Monday James,Male Association Football,silver
53736,Nicolás Navarro,Male Association Football,gold
53737,Nicolás Pareja,Male Association Football,gold
53768,Oladapo Olufemi,Male Association Football,silver
53785,Olubayo Adefemi,Male Association Football,silver
53787,Oluwafemi Ajilore,Male Association Football,silver
53790,Onyekachi Apam,Male Association Football,silver
53791,Oscar Ustari,Male Association Football,gold
53799,Pablo Zabaleta,Male Association Football,gold
53834,Peter Odemwingie,Male Association Football,silver
53861,Rafael Sóbis,Male Association Football,bronze
53862,Rafinha,Male Association Football,bronze
53870,Ramires,Male Association Football,bronze
53890,Renan Brito Soares,Male Association Football,bronze
53931,Ronaldinho,Male Association Football,bronze
53971,Sani Kaita,Male Association Football,silver
54002,Sergio Agüero,Male Association Football,gold
54003,Sergio Romero,Male Association Football,gold
54041,Solomon Okoronkwo,Male Association Football,silver
54131,Thiago Neves,Male Association Football,bronze
54132,Thiago Silva,Male Association Football,bronze
54205,Victor Anichebe,Male Association Football,silver
54206,Victor Obinna,Male Association Football,silver
54365,Ángel Di María,Male Association Football,gold
54370,Éver Banega,Male Association Football,gold
54448,Aly Wagner,Female Association Football,gold
54453,Amy Rodriguez,Female Association Football,gold
54496,Andréia Rosa,Female Association Football,silver
54497,Andréia Suntaque,Female Association Football,silver
54500,Angela Hucles,Female Association Football,gold
54503,Anja Mittag,Female Association Football,bronze
54523,Annike Krahn,Female Association Football,bronze
54530,Ariane Hingst,Female Association Football,bronze
54550,Babett Peter,Female Association Football,bronze
54581,Birgit Prinz,Female Association Football,bronze
54623,Bárbara Micheline do Monte Barbosa,Female Association Football,silver
54632,Carli Lloyd,Female Association Football,gold
54690,Christie Pearce,Female Association Football,gold
54707,Conny Pohlers,Female Association Football,bronze
54713,Cristiane Rozeira,Female Association Football,silver
54719,Célia Šašić,Female Association Football,bronze
54727,Daniela Alves Lima,Female Association Football,silver
54870,Ester,Female Association Football,silver
54880,Fabiana Simões,Female Association Football,silver
54888,Fatmire Alushi,Female Association Football,bronze
54907,Formiga,Female Association Football,silver
54910,Francielle,Female Association Football,silver
55003,Heather Mitts,Female Association Football,gold
55004,Heather O'Reilly,Female Association Football,gold
55024,Hope Solo,Female Association Football,gold
55204,Kate Markgraf,Female Association Football,gold
55226,Kerstin Garefrekes,Female Association Football,bronze
55227,Kerstin Stegemann,Female Association Football,bronze
55286,Lauren Holiday,Female Association Football,gold
55336,Linda Bresonik,Female Association Football,bronze
55339,Lindsay Tarpley,Female Association Football,gold
55356,Lori Chalupny,Female Association Football,gold
55454,Marta,Female Association Football,silver
55481,Maurine Dornelles Gonçalves,Female Association Football,silver
55491,Maycon,Female Association Football,silver
55499,Melanie Behringer,Female Association Football,bronze
55567,Nadine Angerer,Female Association Football,bronze
55590,Natasha Kai,Female Association Football,gold
55607,Nicole Barnhart,Female Association Football,gold
55723,Pretinha,Female Association Football,silver
55731,Rachel van Hollebeke,Female Association Football,gold
55766,Renata Costa,Female Association Football,silver
55767,Renate Lingor,Female Association Football,bronze
55809,Rosana dos Santos Augusto,Female Association Football,silver
55842,Sandra Smisek,Female Association Football,bronze
55859,Saskia Bartusiak,Female Association Football,bronze
55884,Shannon Boxx,Female Association Football,gold
55905,Simone Gomes Jatobá,Female Association Football,silver
55907,Simone Laudehr,Female Association Football,bronze
55937,Stephanie Cox,Female Association Football,gold
56030,Tobin Heath,Female Association Football,gold
56056,Tânia Maria Pereira Ribeiro,Female Association Football,silver
56059,Ursula Holl,Female Association Football,bronze
56244,Érika Cristiano dos Santos,Female Association Football,silver
56296,Alexander Artemev,Male Artistic Gymnastics,bronze
56400,Anton Fokin,Male Artistic Gymnastics,bronze
56401,Anton Golotsutskov,Male Artistic Gymnastics,bronze
56449,Benoît Caranobe,Male Artistic Gymnastics,bronze
56540,Chen Yibing,Male Artistic Gymnastics,gold
56753,Fabian Hambüchen,Male Artistic Gymnastics,bronze
56779,Filip Ude,Male Artistic Gymnastics,silver
56816,Gervasio Deferr,Male Artistic Gymnastics,silver
56893,Hiroyuki Tomita,Male Artistic Gymnastics,silver
56905,Huang Xu,Male Artistic Gymnastics,gold
57029,Jonathan Horton,Male Artistic Gymnastics,bronze
57034,Joseph Hagerty,Male Artistic Gymnastics,bronze
57058,Justin Spring,Male Artistic Gymnastics,bronze
57108,Kevin Tan,Male Artistic Gymnastics,bronze
57137,Koki Sakamoto,Male Artistic Gymnastics,silver
57151,Kōhei Uchimura,Male Artistic Gymnastics,silver
57191,Leszek Blanik,Male Artistic Gymnastics,gold
57201,Li Xiaopeng,Male Artistic Gymnastics,gold
57234,Louis Smith,Male Artistic Gymnastics,bronze
57275,Makoto Okiguchi,Male Artistic Gymnastics,silver
57522,Oleksandr Vorobiov,Male Artistic Gymnastics,bronze
57614,Raj Bhavsar,Male Artistic Gymnastics,bronze
57846,Takehiro Kashima,Male Artistic Gymnastics,silver
57849,Takuya Nakase,Male Artistic Gymnastics,silver
57884,Thomas Bouhail,Male Artistic Gymnastics,silver
58010,Xiao Qin,Male Artistic Gymnastics,gold
58028,Yang Wei,Male Artistic Gymnastics,gold
58058,Yoo Won-chul,Male Artistic Gymnastics,silver
58111,Zou Kai,Male Artistic Gymnastics,gold
58191,Alicia Sacramone,Female Artistic Gymnastics,silver
58208,Anamaria Tămârjan,Female Artistic Gymnastics,bronze
58226,Andreea Acatrinei,Female Artistic Gymnastics,bronze
58227,Andreea Grigore,Female Artistic Gymnastics,bronze
58355,Bridget Sloan,Female Artistic Gymnastics,silver
58407,Chellsie Memmel,Female Artistic Gymnastics,silver
58418,Cheng Fei,Female Artistic Gymnastics,gold
58516,Deng Linlin,Female Artistic Gymnastics,gold
58674,Gabriela Drăgoi,Female Artistic Gymnastics,bronze
58749,He Kexin,Female Artistic Gymnastics,gold
58773,Hong Un-jong,Female Artistic Gymnastics,gold
58888,Jiang Yuyuan,Female Artistic Gymnastics,gold
59073,Li Shanshan,Female Artistic Gymnastics,gold
59325,Nastia Liukin,Female Artistic Gymnastics,gold
59391,Oksana Chusovitina,Female Artistic Gymnastics,silver
59587,Samantha Peszek,Female Artistic Gymnastics,silver
59591,Sandra Izbașa,Female Artistic Gymnastics,bronze
59637,Shawn Johnson East,Female Artistic Gymnastics,silver
59685,Steliana Nistor,Female Artistic Gymnastics,bronze
59906,Yang Yilin,Female Artistic Gymnastics,bronze
60068,Alina Tumilovich,Female Rhythmic Gymnastics,bronze
60085,Anastasia Ivankova,Female Rhythmic Gymnastics,bronze
60130,Anna Bessonova,Female Rhythmic Gymnastics,bronze
60132,Anna Gavrilenko,Female Rhythmic Gymnastics,gold
60250,Cai Tong-Tong,Female Rhythmic Gymnastics,silver
60303,Chou Tao,Female Rhythmic Gymnastics,silver
60362,Daria Shkurikhina,Female Rhythmic Gymnastics,gold
60581,Glafira Martinovich,Female Rhythmic Gymnastics,bronze
60690,Inna Zhukova,Female Rhythmic Gymnastics,silver
60894,Ksenia Sankovich,Female Rhythmic Gymnastics,bronze
61010,Lü Yuanyang,Female Rhythmic Gymnastics,silver
61048,Margarita Aliychuk,Female Rhythmic Gymnastics,gold
61205,Natalia Zuyeva,Female Rhythmic Gymnastics,gold
61276,Olesya Babushkina,Female Rhythmic Gymnastics,bronze
61577,Sui Jianshuang,Female Rhythmic Gymnastics,silver
61578,Sun Dan,Female Rhythmic Gymnastics,silver
61616,Tatiana Gorbunova,Female Rhythmic Gymnastics,gold
61796,Yelena Posevina,Female Rhythmic Gymnastics,gold
61799,Yevgeniya Kanayeva,Female Rhythmic Gymnastics,gold
61834,Zhang Shuo,Female Rhythmic Gymnastics,silver
61858,Zinaida Lunina,Female Rhythmic Gymnastics,bronze
62294,Dong Dong,Male Trampoline Gymnastics,bronze
62607,Jason Burnett,Male Trampoline Gymnastics,silver
62861,Lu Chunlong,Male Trampoline Gymnastics,gold
64196,Ekaterina Khilko,Female Trampoline Gymnastics,bronze
64375,He Wenna,Female Trampoline Gymnastics,gold
64571,Karen Cockburn,Female Trampoline Gymnastics,silver
65646,Albert Rocas,Male Handball,bronze
65648,Alberto Entrerríos,Male Handball,bronze
65675,Alexander Petersson,Male Handball,silver
65786,Arnór Atlason,Male Handball,silver
65827,Bertrand Gille,Male Handball,gold
65833,Björgvin Páll Gústavsson,Male Handball,silver
65889,Carlos Prieto Martos,Male Handball,bronze
65949,Christophe Kempé,Male Handball,gold
65962,Cristian Malmagro,Male Handball,bronze
65967,Cédric Burdet,Male Handball,gold
65968,Cédric Paty,Male Handball,gold
65975,Daniel Narcisse,Male Handball,gold
65984,Daouda Karaboué,Male Handball,gold
65991,David Barrufet,Male Handball,bronze
65996,David Davis,Male Handball,bronze
66015,Demetrio Lozano,Male Handball,bronze
66025,Didier Dinart,Male Handball,gold
66220,Guillaume Gille,Male Handball,gold
66229,Guðjón Valur Sigurðsson,Male Handball,silver
66276,Hreiðar Guðmundsson,Male Handball,silver
66299,Iker Romero,Male Handball,bronze
66311,Ingimundur Ingimundarson,Male Handball,silver
66401,Jon Belaustegui,Male Handball,bronze
66414,José Javier Hombrados,Male Handball,bronze
66417,Joël Abati,Male Handball,gold
66423,Juanín García,Male Handball,bronze
66435,Jérôme Fernandez,Male Handball,gold
66604,Logi Geirsson,Male Handball,silver
66614,Luc Abalo,Male Handball,gold
66771,Michaël Guigou,Male Handball,gold
66868,Nikola Karabatić,Male Handball,gold
66909,Olivier Girault,Male Handball,gold
67003,Raúl Entrerríos,Male Handball,bronze
67068,Rubén Garabaya,Male Handball,bronze
67078,Róbert Gunnarsson,Male Handball,silver
67149,Sigfús Sigurðsson,Male Handball,silver
67162,Snorri Guðjónsson,Male Handball,silver
67199,Sturla Ásgeirsson,Male Handball,silver
67211,Sverre Andreas Jakobsson,Male Handball,silver
67258,Thierry Omeyer,Male Handball,gold
67349,Víctor Tomás,Male Handball,bronze
67491,Ásgeir Örn Hallgrímsson,Male Handball,silver
67496,Ólafur Stefánsson,Male Handball,silver
67579,An Jung-Hwa,Female Handball,bronze
67634,Anna Kareyeva,Female Handball,silver
67676,Bae Min-hee,Female Handball,bronze
67800,Choi Im-jeong,Female Handball,bronze
67964,Else-Marthe Sørlie Lybekk,Female Handball,gold
67971,Emiliya Turey,Female Handball,silver
68090,Gro Hammerseng-Edin,Female Handball,gold
68109,Gøril Snorroeggen,Female Handball,gold
68147,Hong Jeong-ho,Female Handball,bronze
68158,Huh Soon-young,Female Handball,bronze
68189,Inna Suslina,Female Handball,silver
68193,Irina Bliznova,Female Handball,silver
68194,Irina Dibirova,Female Handball,silver
68322,Kari Aalvik Grimsbø,Female Handball,gold
68323,Kari Mette Johansen,Female Handball,gold
68326,Karoline Dyhre Breivang,Female Handball,gold
68335,Katja Nyberg,Female Handball,gold
68337,Katrine Lunde,Female Handball,gold
68362,Kim Cha-youn,Female Handball,bronze
68372,Kim Nam-sun,Female Handball,bronze
68373,Kim On-a,Female Handball,bronze
68393,Kristine Lunde-Borgersen,Female Handball,gold
68428,Lee Min-hee,Female Handball,bronze
68467,Linn-Kristin Riegelhuth Koren,Female Handball,gold
68508,Lyudmila Postnova,Female Handball,silver
68551,Maria Sidorova,Female Handball,silver
68567,Marit Malm Frafjord,Female Handball,gold
68680,Moon Pil-hee,Female Handball,bronze
68703,Natalia Shipilova,Female Handball,silver
68763,Oh Seong-ok,Female Handball,bronze
68765,Oh Yong-ran,Female Handball,bronze
68797,Oxana Romenskaya,Female Handball,silver
68811,Park Chung-hee,Female Handball,bronze
68863,Ragnhild Aamodt,Female Handball,gold
69045,Song Hai-rim,Female Handball,bronze
69167,Tonje Larsen,Female Handball,gold
69168,Tonje Nøstvold,Female Handball,gold
69275,Yana Uskova,Female Handball,silver
69288,Yekaterina Andryushina,Female Handball,silver
69290,Yekaterina Marennikova,Female Handball,silver
69292,Yelena Dmitriyeva,Female Handball,silver
69295,Yelena Polenova,Female Handball,silver
69377,Abdullo Tangriev,Male Judo,silver
69449,Amar Benikhlef,Male Judo,silver
69543,Askhat Zhitkeyev,Male Judo,silver
69570,Benjamin Darbelet,Male Judo,silver
69676,Choi Min-ho,Male Judo,gold
69838,Elnur Mammadli,Male Judo,gold
70010,Henk Grol,Male Judo,bronze
70014,Hesham Mesbah,Male Judo,bronze
70067,Irakli Tsirekidze,Male Judo,gold
70242,Kim Jae-bum,Male Judo,silver
70294,Leandro Guilheiro,Male Judo,bronze
70373,Ludwig Paischer,Male Judo,silver
70465,Masato Uchishiba,Male Judo,gold
70561,Movlud Miraliyev,Male Judo,bronze
70570,Naidangiin Tüvshinbayar,Male Judo,gold
70645,Ole Bischof,Male Judo,gold
70676,Pak Chol-Min,Male Judo,bronze
70752,Rasul Boqiev,Male Judo,bronze
70783,Rishod Sobirov,Male Judo,bronze
70803,Roman Hontyuk,Male Judo,bronze
70817,Ruben Houkes,Male Judo,bronze
70861,Satoshi Ishii,Male Judo,gold
70872,Sergei Aschwanden,Male Judo,bronze
70999,Teddy Riner,Male Judo,bronze
71016,Tiago Camilo,Male Judo,bronze
71109,Wang Ki-chun,Male Judo,silver
71187,Yordanis Arencibia,Male Judo,bronze
71247,Óscar Brayson,Male Judo,bronze
71317,Alina Dumitru,Female Judo,gold
71330,An Kum-ae,Female Judo,silver
71338,Anaysi Hernández,Female Judo,silver
71423,Ayumi Tanimoto,Female Judo,gold
71637,Deborah Gravenstijn,Female Judo,silver
71685,Edith Bosch,Female Judo,bronze
71706,Elisabeth Willeboordse,Female Judo,bronze
71830,Giulia Quintavalle,Female Judo,gold
71920,Idalys Ortiz,Female Judo,bronze
72001,Jeong Gyeong-mi,Female Judo,bronze
72104,Ketleyn Quadros,Female Judo,bronze
72244,Lucie Décosse,Female Judo,silver
72245,Lucija Polavder,Female Judo,bronze
72274,Maki Tsukada,Female Judo,silver
72339,Masae Ueno,Female Judo,gold
72424,Misato Nakamura,Female Judo,bronze
72574,Paula Pareto,Female Judo,bronze
72682,Ronda Rousey,Female Judo,bronze
72701,Ryoko Tani,Female Judo,bronze
72801,Soraya Haddad,Female Judo,bronze
72825,Stéphanie Possamaï,Female Judo,bronze
72915,Tong Wen,Female Judo,gold
73001,Won Ok-Im,Female Judo,bronze
73009,Xian Dongmei,Female Judo,gold
73015,Xu Yan,Female Judo,bronze
73022,Yalennis Castillo,Female Judo,silver
73026,Yanet Bermoy,Female Judo,silver
73030,Yang Xiuli,Female Judo,gold
73231,Andrejus Zadneprovskis,Male Modern Pentathlon,bronze
73239,Andrey Moiseyev,Male Modern Pentathlon,gold
73564,Edvinas Krungolcas,Male Modern Pentathlon,silver
75627,Heather Fell,Female Modern Pentathlon,silver
75937,Lena Schöneborn,Female Modern Pentathlon,gold
76880,Acer Nethercott,Male Rowing,silver
76881,Adam Korol,Male Rowing,gold
76882,Adam Kreek,Male Rowing,gold
76894,Alastair Heathcote,Male Rowing,silver
76917,Alex Partridge,Male Rowing,silver
76983,Andrew Byrnes,Male Rowing,gold
76988,Andrew Triggs Hodge,Male Rowing,gold
77057,Bartłomiej Pawełczak,Male Rowing,silver
77060,Beau Hoopman,Male Rowing,bronze
77067,Ben Rutledge,Male Rowing,gold
77072,Benjamin Rondeau,Male Rowing,bronze
77104,Brian Price,Male Rowing,gold
77119,Bryan Volpenhein,Male Rowing,bronze
77128,Cameron McKenzie-McHarg,Male Rowing,silver
77206,Colin Smith,Male Rowing,silver
77216,Cédric Berrest,Male Rowing,bronze
77226,Daniel Walsh,Male Rowing,bronze
77243,David Calder,Male Rowing,silver
77244,David Crawshay,Male Rowing,gold
77284,Dimitris Mougios,Male Rowing,silver
77293,Dominic Seiterle,Male Rowing,gold
77296,Dorian Mortelette,Male Rowing,bronze
77297,Drew Ginn,Male Rowing,gold
77300,Duncan Free,Male Rowing,gold
77369,Eskild Ebbesen,Male Rowing,gold
77411,Francis Hegerty,Male Rowing,silver
77431,George Bridgewater,Male Rowing,bronze
77439,Germain Chardin,Male Rowing,bronze
77540,Iain Brambell,Male Rowing,bronze
77590,Jake Wetzel,Male Rowing,gold
77593,James Marburg,Male Rowing,silver
77650,Jon Beare,Male Rowing,bronze
77653,Jonathan Coeffic,Male Rowing,bronze
77660,Josh Inman,Male Rowing,bronze
77661,Josh West,Male Rowing,silver
77676,Julien Bahain,Male Rowing,bronze
77678,Julien Desprès,Male Rowing,bronze
77688,Jüri Jaanson,Male Rowing,silver
77732,Kevin Light,Male Rowing,gold
77763,Konrad Wasielewski,Male Rowing,gold
77771,Kyle Hamilton,Male Rowing,gold
77827,Liam Parsons,Male Rowing,bronze
77865,Luca Agamennoni,Male Rowing,silver
77893,Mads Andersen,Male Rowing,gold
77894,Mads Rasmussen,Male Rowing,bronze
77897,Mahé Drysdale,Male Rowing,bronze
77901,Malcolm Howard,Male Rowing,gold
77919,Marcus McElhenney,Male Rowing,bronze
77920,Marek Kolbowicz,Male Rowing,gold
77948,Mark Hunter,Male Rowing,gold
77969,Matt Ryan,Male Rowing,silver
77970,Matt Schnobrich,Male Rowing,bronze
77975,Matthew Langridge,Male Rowing,silver
78011,Micah Boyd,Male Rowing,bronze
78022,Michał Jeliński,Male Rowing,gold
78037,Mike Lewis,Male Rowing,bronze
78051,Miłosz Bernatajtys,Male Rowing,silver
78059,Morten Jørgensen,Male Rowing,gold
78094,Nathan Twaddle,Male Rowing,bronze
78144,Olaf Tufte,Male Rowing,gold
78163,Ondřej Synek,Male Rowing,silver
78202,Paweł Rańda,Male Rowing,silver
78206,Pete Reed,Male Rowing,gold
78217,Pierre-Jean Peltier,Male Rowing,bronze
78251,Rasmus Quist Hansen,Male Rowing,bronze
78273,Richard Egington,Male Rowing,silver
78314,Rossano Galtarossa,Male Rowing,silver
78364,Scott Brennan,Male Rowing,gold
78365,Scott Frandsen,Male Rowing,silver
78408,Simone Raineri,Male Rowing,silver
78409,Simone Venier,Male Rowing,silver
78441,Stephen Rowbotham,Male Rowing,bronze
78445,Steve Williams,Male Rowing,gold
78447,Steven Coppola,Male Rowing,bronze
78510,Thomas Ebert,Male Rowing,gold
78533,Tom James,Male Rowing,gold
78534,Tom Lucy,Male Rowing,silver
78535,Tom Stallard,Male Rowing,silver
78557,Tõnu Endrekson,Male Rowing,silver
78570,Vasileios Polymeros,Male Rowing,silver
78630,Wyatt Allen,Male Rowing,bronze
78703,Zac Purchase,Male Rowing,gold
78748,Łukasz Pawłowski,Male Rowing,silver
78883,Anna Goodale,Female Rowing,gold
78886,Anna Mickelson,Female Rowing,gold
78889,Anna Watkins,Female Rowing,bronze
78890,Annabel Vernon,Female Rowing,silver
78894,Annekatrin Thiele,Female Rowing,silver
78895,Annemarieke van Rumpt,Female Rowing,silver
78896,Annemiek de Haan,Female Rowing,silver
78984,Britta Oppelt,Female Rowing,bronze
79020,Caroline Evers-Swindell,Female Rowing,gold
79021,Caroline Lind,Female Rowing,gold
79022,Caryn Davies,Female Rowing,gold
79064,Christiane Huth,Female Rowing,silver
79085,Constanța Burcică,Female Rowing,bronze
79136,Debbie Flood,Female Rowing,silver
79167,Doina Ignat,Female Rowing,bronze
79195,Ekaterina Karsten,Female Rowing,bronze
79201,Elena Georgescu,Female Rowing,bronze
79207,Elise Laverick,Female Rowing,bronze
79211,Elle Logan,Female Rowing,gold
79234,Enikő Barabás,Female Rowing,bronze
79241,Erin Cafaro,Female Rowing,gold
79246,Ester Workel,Female Rowing,silver
79269,Femke Dekker,Female Rowing,silver
79283,Frances Houghton,Female Rowing,silver
79302,Gao Yulan,Female Rowing,silver
79307,Georgeta Damian,Female Rowing,gold
79308,Georgina Evers-Swindell,Female Rowing,gold
79383,Helen Tanger,Female Rowing,silver
79441,Ioana Papuc,Female Rowing,bronze
79519,Jin Ziwei,Female Rowing,gold
79581,Katherine Grainger,Female Rowing,silver
79582,Kathrin Boron,Female Rowing,bronze
79630,Kirsten van der Kolk,Female Rowing,gold
79713,Lindsay Shoop,Female Rowing,gold
79783,Manuela Lutze,Female Rowing,bronze
79818,Marit van Eupen,Female Rowing,gold
79828,Marlies Smulders,Female Rowing,silver
79835,Mary Whipple,Female Rowing,gold
79875,Melanie Kok,Female Rowing,bronze
79900,Michelle Guerette,Female Rowing,silver
79921,Minna Nieminen,Female Rowing,silver
79962,Natallia Helakh,Female Rowing,bronze
79988,Nienke Kingma,Female Rowing,silver
80167,Rodica Șerban,Female Rowing,bronze
80176,Roline Repelaer van Driel,Female Rowing,silver
80195,Rumyana Neykova,Female Rowing,gold
80222,Sanna Stén,Female Rowing,silver
80230,Sarah Siegelaar,Female Rowing,silver
80279,Simona Mușat,Female Rowing,bronze
80314,Stephanie Schiller,Female Rowing,bronze
80332,Susan Francia,Female Rowing,gold
80358,Tang Bin,Female Rowing,gold
80425,Tracy Cameron,Female Rowing,bronze
80466,Viorica Susanu,Female Rowing,gold
80504,Wu You,Female Rowing,silver
80508,Xi Aihua,Female Rowing,gold
80569,Yuliya Bichyk,Female Rowing,bronze
80590,Zhang Yangyang,Female Rowing,gold
80714,Anders Ekström,Male Sailing,bronze
80735,Andrew Simpson,Male Sailing,gold
80779,Antón Paz,Male Sailing,gold
80816,Ben Ainslie,Male Sailing,gold
80865,Bruno Prada,Male Sailing,silver
80886,Carlos Espínola,Male Sailing,bronze
80988,Darren Bundock,Male Sailing,silver
81031,Diego Romero,Male Sailing,bronze
81150,Fernando Echávarri,Male Sailing,gold
81167,Fredrik Lööf,Male Sailing,bronze
81208,Glenn Ashby,Male Sailing,silver
81219,Guillaume Florent,Male Sailing,bronze
81242,Hannes Peckolt,Male Sailing,bronze
81291,Iain Percy,Male Sailing,gold
81298,Iker Martínez de Lizarduy,Male Sailing,silver
81348,Jan-Peter Peckolt,Male Sailing,bronze
81398,Joe Glanfield,Male Sailing,silver
81402,Jonas Warrer,Male Sailing,gold
81427,Julien Bontemps,Male Sailing,silver
81652,Malcolm Page,Male Sailing,gold
81706,Martin Kirketerp,Male Sailing,gold
81845,Nathan Wilmot,Male Sailing,gold
81852,Nick Rogers,Male Sailing,silver
81855,Nicolas Charbonnier,Male Sailing,bronze
81908,Olivier Bausset,Male Sailing,bronze
81947,Paul Goodison,Male Sailing,gold
82036,Robert Scheidt,Male Sailing,silver
82099,Santiago Lange,Male Sailing,bronze
82130,Shahar Tzuberi,Male Sailing,bronze
82282,Tom Ashley,Male Sailing,gold
82321,Vasilij Žbogar,Male Sailing,silver
82381,Xabier Fernández,Male Sailing,silver
82454,Zach Railey,Male Sailing,silver
82538,Alessandra Sensini,Female Sailing,silver
82638,Anna Tunnicliffe,Female Sailing,gold
82647,Annemieke Bes,Female Sailing,silver
82745,Bryony Shaw,Female Sailing,bronze
82958,Elise Rechichi,Female Sailing,gold
83024,Fernanda Oliveira,Female Sailing,bronze
83073,Gintarė Scheidt,Female Sailing,silver
83203,Isabel Swan,Female Sailing,bronze
83477,Lobke Berkhout,Female Sailing,silver
83528,Mandy Mulder,Female Sailing,silver
83540,Marcelien de Koning,Female Sailing,silver
83632,Merel Witteveen,Female Sailing,silver
83844,Pippa Wilson,Female Sailing,gold
83979,Sarah Ayton,Female Sailing,gold
83982,Sarah Webb,Female Sailing,gold
84038,Sofia Bekatorou,Female Sailing,bronze
84039,Sofia Papadopoulou,Female Sailing,bronze
84127,Tessa Parkinson,Female Sailing,gold
84218,Virginia Kravarioti,Female Sailing,bronze
84263,Xu Lijia,Female Sailing,bronze
84303,Yin Jian,Female Sailing,gold
84379,Abhinav,Male Shooting Sport,gold
84407,Aleksei Alipov,Male Shooting Sport,bronze
84524,Anthony Terras,Male Shooting Sport,bronze
84538,Artur Ayvazyan,Male Shooting Sport,gold
84686,Christian Reitz,Male Shooting Sport,bronze
84749,David Kostelecký,Male Shooting Sport,gold
84909,Francesco D'Aniello,Male Shooting Sport,silver
84952,Giovanni Pellielo,Male Shooting Sport,silver
85011,Henri Häkkinen,Male Shooting Sport,bronze
85027,Hu Binyuan,Male Shooting Sport,bronze
85113,Jason Turner,Male Shooting Sport,bronze
85142,Jin Jong-oh,Male Shooting Sport,silver
85182,Jury Sukhorukov,Male Shooting Sport,silver
85474,Matthew Emmons,Male Shooting Sport,silver
85646,Oleksandr Petriv,Male Shooting Sport,gold
85681,Pang Wei,Male Shooting Sport,gold
85730,Qiu Jian,Male Shooting Sport,gold
85740,Rajmond Debevec,Male Shooting Sport,bronze
85742,Ralf Schumann,Male Shooting Sport,silver
85982,Tan Zongliang,Male Shooting Sport,silver
86047,Tore Brovold,Male Shooting Sport,silver
86088,Vincent Hancock,Male Shooting Sport,gold
86096,Vladimir Isakov,Male Shooting Sport,bronze
86103,Walton Eller,Male Shooting Sport,gold
86116,Warren Potent,Male Shooting Sport,bronze
86232,Zhu Qinan,Male Shooting Sport,silver
86541,Chen Ying,Female Shooting Sport,gold
86545,Chiara Cainero,Female Shooting Sport,gold
86572,Christine Wenzel,Female Shooting Sport,bronze
86586,Corey Cogdell,Female Shooting Sport,bronze
86674,Du Li,Female Shooting Sport,gold
86693,Eglis Yaima Cruz,Female Shooting Sport,bronze
86850,Guo Wenjun,Female Shooting Sport,gold
87080,Kateřina Emmons,Female Shooting Sport,gold
87124,Kim Rhode,Female Shooting Sport,silver
87219,Lioubov Galkina,Female Shooting Sport,silver
87437,Munkhbayar Dorjsuren,Female Shooting Sport,bronze
87452,Natalia Paderina,Female Shooting Sport,silver
87496,Nino Salukvadze,Female Shooting Sport,bronze
87544,Otryadyn Gündegmaa,Female Shooting Sport,silver
87737,Satu Mäkelä-Nummela,Female Shooting Sport,gold
87786,Snježana Pejčić,Female Shooting Sport,bronze
88113,Zuzana Rehák-Štefečeková,Female Shooting Sport,silver
88218,Andrea Duran,Female Softball,silver
88297,Ayumi Karino,Female Softball,gold
88314,Belinda Wright,Female Softball,bronze
88377,Caitlin Lowe,Female Softball,silver
88401,Cat Osterman,Female Softball,silver
88464,Crystl Bustos,Female Softball,silver
88479,Danielle Stewart,Female Softball,bronze
88593,Emi Inui,Female Softball,gold
88611,Eri Yamada,Female Softball,gold
88767,Hiroko Sakai,Female Softball,gold
88872,Jennie Finch,Female Softball,silver
88882,Jessica Mendoza,Female Softball,silver
88897,Jodie Bowering,Female Softball,bronze
88934,Justine Smethurst,Female Softball,bronze
88964,Kelly Hardie,Female Softball,bronze
88965,Kelly Kretschman,Female Softball,silver
88975,Kerry Wyborn,Female Softball,bronze
89022,Kylie Cronk,Female Softball,bronze
89032,Laura Berg,Female Softball,silver
89038,Lauren Lappin,Female Softball,silver
89110,Lovieanne Jung,Female Softball,silver
89216,Masumi Mishina,Female Softball,gold
89245,Megu Hirose,Female Softball,gold
89251,Melanie Roche,Female Softball,bronze
89282,Mika Someya,Female Softball,gold
89303,Monica Abbott,Female Softball,silver
89310,Motoko Fujimoto,Female Softball,gold
89319,Naho Emoto,Female Softball,gold
89333,Natalie Titcume,Female Softball,bronze
89334,Natalie Ward,Female Softball,bronze
89341,Natasha Watley,Female Softball,silver
89511,Rei Nishiyama,Female Softball,gold
89531,Rie Sato,Female Softball,gold
89581,Sachiko Ito,Female Softball,gold
89595,Sandy Lewis,Female Softball,bronze
89610,Satoko Mabuchi,Female Softball,gold
89651,Simmone Morrow,Female Softball,bronze
89677,Stacey Nuveman,Female Softball,silver
89678,Stacey Porter,Female Softball,bronze
89720,Tairia Flowers,Female Softball,silver
89737,Tanya Harding,Female Softball,bronze
89799,Tracey Mosley,Female Softball,bronze
89829,Vicky Galindo,Female Softball,silver
89941,Yukiko Ueno,Female Softball,gold
89942,Yukiyo Mine,Female Softball,gold
90001,Aaron Peirsol,Male Swimming,gold
90008,Adam Pine,Male Swimming,silver
90018,Alain Bernard,Male Swimming,bronze
90047,Alexander Dale Oen,Male Swimming,silver
90051,Alexander Sukhorukov,Male Swimming,silver
90075,Amaury Leveaux,Male Swimming,silver
90109,Andrew Lauterstein,Male Swimming,bronze
90157,Arkady Vyatchanin,Male Swimming,bronze
90166,Ashley Callus,Male Swimming,bronze
90167,Ashley Delaney,Male Swimming,silver
90193,Ben Wildman-Tobriner,Male Swimming,gold
90217,Boris Steimetz,Male Swimming,silver
90223,Brendan Hansen,Male Swimming,gold
90225,Brenton Rickard,Male Swimming,silver
90312,Christian Sprenger,Male Swimming,silver
90340,Cullen Jones,Male Swimming,gold
90345,César Cielo,Male Swimming,gold
90355,Danila Izotov,Male Swimming,silver
90370,David Davies,Male Swimming,silver
90381,David Walters,Male Swimming,gold
90432,Eamon Sullivan,Male Swimming,silver
90489,Erik Vendt,Male Swimming,gold
90507,Fabien Gilot,Male Swimming,silver
90543,Frédérick Bousquet,Male Swimming,silver
90553,Garrett Weber-Gale,Male Swimming,gold
90587,Grant Brits,Male Swimming,bronze
90588,Grant Hackett,Male Swimming,silver
90592,Grégory Mallet,Male Swimming,silver
90621,Hayden Stoeckel,Male Swimming,bronze
90644,Hisayoshi Sato,Male Swimming,bronze
90657,Hugues Duboscq,Male Swimming,bronze
90667,Ian Crocker,Male Swimming,gold
90736,Jason Lezak,Male Swimming,bronze
90805,Junichi Miyashita,Male Swimming,bronze
90879,Kirk Palmer,Male Swimming,bronze
90884,Klete Keller,Male Swimming,gold
90889,Kosuke Kitajima,Male Swimming,gold
90906,Larsen Jensen,Male Swimming,bronze
90936,Leith Brodie,Male Swimming,bronze
91009,László Cseh,Male Swimming,silver
91014,Maarten van der Weijden,Male Swimming,gold
91072,Mark Gangloff,Male Swimming,gold
91092,Matt Grevers,Male Swimming,silver
91096,Matt Targett,Male Swimming,bronze
91142,Michael Phelps,Male Swimming,gold
91165,Mikhail Polishchuk,Male Swimming,silver
91167,Milorad Čavić,Male Swimming,silver
91218,Nathan Adrian,Male Swimming,gold
91226,Nick Ffrost,Male Swimming,bronze
91240,Nikita Lobintsev,Male Swimming,silver
91295,Oussama Mellouli,Male Swimming,gold
91317,Park Tae-Hwan,Male Swimming,silver
91319,Patrick Murphy,Male Swimming,bronze
91336,Peter Vanderkaay,Male Swimming,bronze
91404,Ricky Berens,Male Swimming,gold
91448,Ryan Cochrane,Male Swimming,bronze
91449,Ryan Lochte,Male Swimming,gold
91597,Takeshi Matsuda,Male Swimming,bronze
91598,Takuro Fujii,Male Swimming,bronze
91639,Thomas Lurz,Male Swimming,bronze
91801,Yevgeny Lagunov,Male Swimming,silver
91831,Zhang Lin,Male Swimming,silver
91914,Alessia Filippi,Female Swimming,silver
91939,Alice Tait,Female Swimming,bronze
91946,Allison Schmitt,Female Swimming,bronze
92002,Angie Bainbridge,Female Swimming,gold
92110,Britta Steffen,Female Swimming,gold
92112,Bronte Barratt,Female Swimming,gold
92144,Caroline Burckle,Female Swimming,bronze
92150,Cassie Patten,Female Swimming,bronze
92152,Cate Campbell,Female Swimming,bronze
92194,Christine Magnuson,Female Swimming,silver
92195,Christine Marshall,Female Swimming,bronze
92236,Dara Torres,Female Swimming,silver
92323,Elaine Breeden,Female Swimming,silver
92348,Emily Seebohm,Female Swimming,gold
92349,Emily Silver,Female Swimming,silver
92389,Federica Pellegrini,Female Swimming,gold
92392,Felicity Galvez,Female Swimming,gold
92395,Femke Heemskerk,Female Swimming,gold
92515,Hinkelien Schreuder,Female Swimming,gold
92560,Inge Dekker,Female Swimming,gold
92634,Jessicah Schipper,Female Swimming,bronze
92639,Jiao Liuyang,Female Swimming,silver
92646,Joanne Jackson,Female Swimming,bronze
92674,Julia Smit,Female Swimming,silver
92695,Kara Lynn Joyce,Female Swimming,silver
92708,Katie Hoff,Female Swimming,silver
92721,Keri-Anne Payne,Female Swimming,silver
92750,Kim Vandenberg,Female Swimming,bronze
92756,Kirsty Coventry,Female Swimming,silver
92773,Kylie Palmer,Female Swimming,gold
92778,Lacey Nymeyer,Female Swimming,silver
92779,Lara Davenport,Female Swimming,gold
92780,Larisa Ilchenko,Female Swimming,gold
92810,Leisel Jones,Female Swimming,gold
92830,Libby Trickett,Female Swimming,silver
92837,Linda Mackenzie,Female Swimming,gold
92850,Liu Zige,Female Swimming,gold
92857,Lotte Friis,Female Swimming,bronze
92904,Manon van Rooijen,Female Swimming,gold
92922,Margaret Hoelzer,Female Swimming,bronze
92952,Marleen Veldhuis,Female Swimming,gold
92993,Megan Jendrick,Female Swimming,silver
93002,Melanie Schlanger,Female Swimming,bronze
93048,Mirna Jukić,Female Swimming,bronze
93081,Natalie Coughlin,Female Swimming,bronze
93180,Pang Jiaying,Female Swimming,bronze
93249,Ranomi Kromowidjojo,Female Swimming,gold
93255,Rebecca Adlington,Female Swimming,gold
93258,Rebecca Soni,Female Swimming,silver
93263,Reiko Nakamura,Female Swimming,bronze
93352,Sara Isaković,Female Swimming,silver
93353,Sara Nordenstam,Female Swimming,bronze
93388,Shayne Reese,Female Swimming,bronze
93438,Stephanie Rice,Female Swimming,gold
93455,Sun Ye,Female Swimming,bronze
93480,Tan Miao,Female Swimming,silver
93485,Tang Jingzhi,Female Swimming,silver
93489,Tarnee White,Female Swimming,gold
93639,Xu Tianlongzi,Female Swimming,bronze
93657,Yang Yu,Female Swimming,silver
93720,Zhao Jing,Female Swimming,bronze
93729,Zhou Yafei,Female Swimming,bronze
93731,Zhu Qianwei,Female Swimming,silver
93770,Alba Cabello,Female Synchronized Swimming,silver
93834,Anastasia Davydova,Female Synchronized Swimming,gold
93837,Anastasiya Yermakova,Female Synchronized Swimming,gold
93845,Andrea Fuentes,Female Synchronized Swimming,silver
93887,Anna Shorina,Female Synchronized Swimming,gold
94216,Elvira Khasyanova,Female Synchronized Swimming,gold
94219,Emiko Suzuki,Female Synchronized Swimming,bronze
94305,Gemma Mengual,Female Synchronized Swimming,silver
94328,Gisela Morón,Female Synchronized Swimming,silver
94343,Gu Beibei,Female Synchronized Swimming,bronze
94406,Huang Xuechen,Female Synchronized Swimming,bronze
94447,Irina Rodríguez,Female Synchronized Swimming,silver
94511,Jiang Tingting,Female Synchronized Swimming,bronze
94512,Jiang Wenwen,Female Synchronized Swimming,bronze
94659,Laura López,Female Synchronized Swimming,silver
94723,Liu Ou,Female Synchronized Swimming,bronze
94754,Luo Xi,Female Synchronized Swimming,bronze
94820,Mariya Gromova,Female Synchronized Swimming,gold
94951,Natalia Ishchenko,Female Synchronized Swimming,gold
95028,Olga Kuzhela,Female Synchronized Swimming,gold
95058,Paola Tirados,Female Synchronized Swimming,silver
95125,Raquel Corral,Female Synchronized Swimming,silver
95208,Saho Harada,Female Synchronized Swimming,bronze
95329,Sun Qiuting,Female Synchronized Swimming,bronze
95340,Svetlana Romashina,Female Synchronized Swimming,gold
95380,Thaïs Henríquez,Female Synchronized Swimming,silver
95486,Wang Na,Female Synchronized Swimming,bronze
95544,Yelena Ovchinnikova,Female Synchronized Swimming,gold
95588,Zhang Xiaohuan,Female Synchronized Swimming,bronze
95938,Christian Süß,Male Table Tennis,silver
96033,Dimitrij Ovtcharov,Male Table Tennis,silver
96636,Ma Lin,Male Table Tennis,gold
96887,Oh Sang-eun,Male Table Tennis,bronze
97077,Ryu Seung-min,Male Table Tennis,bronze
97275,Timo Boll,Male Table Tennis,silver
97356,Wang Hao,Male Table Tennis,silver
97360,Wang Liqin,Male Table Tennis,bronze
97434,Yoon Jae-Young,Male Table Tennis,bronze
97849,Dang Ye-seo,Female Table Tennis,bronze
98022,Feng Tianwei,Female Table Tennis,silver
98101,Guo Yue,Female Table Tennis,bronze
98370,Kim Kyungah,Female Table Tennis,bronze
98446,Li Jiawei,Female Table Tennis,silver
98815,Park Mi-Young,Female Table Tennis,bronze
99237,Wang Nan,Female Table Tennis,silver
99240,Wang Yuegu,Female Table Tennis,silver
99343,Zhang Yining,Female Table Tennis,gold
99430,Alexandros Nikolaidis,Male Taekwondo,silver
99533,Arman Chilmanov,Male Taekwondo,bronze
99654,Cha Dong-Min,Male Taekwondo,gold
99673,Chika Chukwumerije,Male Taekwondo,bronze
99701,Chu Mu-yen,Male Taekwondo,bronze
99923,Gabriel Mercedes,Male Taekwondo,silver
99971,Guillermo Pérez,Male Taekwondo,gold
99985,Hadi Saei,Male Taekwondo,gold
100450,Mark López,Male Taekwondo,silver
100483,Mauro Sarmiento,Male Taekwondo,silver
100798,Rohullah Nikpai,Male Taekwondo,bronze
100879,Servet Tazegül,Male Taekwondo,bronze
100918,Son Tae-jin,Male Taekwondo,gold
100948,Steven López,Male Taekwondo,bronze
100956,Sung Yu-chi,Male Taekwondo,bronze
101230,Zhu Guo,Male Taekwondo,bronze
101424,Azize Tanrıkulu,Female Taekwondo,silver
101496,Buttree Puedpong,Female Taekwondo,silver
101597,Dalia Contreras,Female Taekwondo,bronze
101633,Daynellis Montejo,Female Taekwondo,bronze
101648,Diana López,Female Taekwondo,bronze
101855,Gwladys Épangue,Female Taekwondo,bronze
101911,Hwang Kyung-Seon,Female Taekwondo,gold
102075,Karine Sergerie,Female Taekwondo,silver
102208,Lim Su-jeong,Female Taekwondo,gold
102332,Martina Zubčić,Female Taekwondo,bronze
102337,María Espinoza,Female Taekwondo,gold
102471,Natália Falavigna,Female Taekwondo,bronze
102495,Nina Solheim,Female Taekwondo,silver
102718,Sandra Šarić,Female Taekwondo,bronze
102731,Sarah Stevenson,Female Taekwondo,bronze
103002,Wu Jingyu,Female Taekwondo,gold
103338,Bob Bryan,Male Tennis,bronze
103652,Fernando González,Male Tennis,silver
104283,Mike Bryan,Male Tennis,bronze
104382,Novak Djokovic,Male Tennis,bronze
104485,Rafael Nadal,Male Tennis,gold
104545,Roger Federer,Male Tennis,gold
104652,Simon Aspelin,Male Tennis,silver
104680,Stan Wawrinka,Male Tennis,gold
104763,Thomas Johansson,Male Tennis,silver
105082,Anabel Medina Garrigues,Female Tennis,silver
105410,Dinara Safina,Female Tennis,silver
105450,Elena Dementieva,Female Tennis,gold
106496,Serena Williams,Female Tennis,gold
106700,Venus Williams,Female Tennis,gold
106701,Vera Zvonareva,Female Tennis,bronze
106719,Virginia Ruano Pascual,Female Tennis,silver
106774,Yan Zi,Female Tennis,bronze
106848,Zheng Jie,Female Tennis,bronze
107079,Bevan Docherty,Male Triathlon,bronze
107596,Jan Frodeno,Male Triathlon,gold
108403,Simon Whitfield,Male Triathlon,silver
109227,Emma Moffatt,Female Triathlon,bronze
109230,Emma Snowsill,Female Triathlon,gold
110443,Vanessa Fernandes,Female Triathlon,silver
111092,Emanuel Rego,Male Beach Volleyball,bronze
111171,Fábio Luiz Magalhães,Male Beach Volleyball,silver
111815,Márcio Araújo,Male Beach Volleyball,silver
111963,Phil Dalhausser,Male Beach Volleyball,gold
112022,Ricardo Santos,Male Beach Volleyball,bronze
112281,Todd Rogers,Male Beach Volleyball,gold
113347,Kerri Walsh Jennings,Female Beach Volleyball,gold
113675,Misty May-Treanor,Female Beach Volleyball,gold
114142,Tian Jia,Female Beach Volleyball,silver
114233,Wang Jie,Female Beach Volleyball,silver
114267,Xue Chen,Female Beach Volleyball,bronze
114336,Zhang Xi,Female Beach Volleyball,bronze
114403,Aleksandr Korneev,Male Volleyball,bronze
114404,Aleksandr Kosarev,Male Volleyball,bronze
114406,Aleksandr Volkov,Male Volleyball,bronze
114409,Aleksey Kuleshov,Male Volleyball,bronze
114410,Aleksey Ostapenko,Male Volleyball,bronze
114411,Aleksey Verbov,Male Volleyball,bronze
114466,Anderson Rodrigues,Male Volleyball,silver
114494,André Heller,Male Volleyball,silver
114495,André Nascimento,Male Volleyball,silver
114616,Bruno Rezende,Male Volleyball,silver
114704,Clayton Stanley,Male Volleyball,gold
114732,Dante Amaral,Male Volleyball,silver
114750,David Lee,Male Volleyball,gold
114922,Gabriel Gardner,Male Volleyball,gold
114945,Giba,Male Volleyball,silver
114978,Gustavo Endres,Male Volleyball,silver
115230,Kevin Hansen,Male Volleyball,gold
115351,Lloy Ball,Male Volleyball,gold
115416,Marcelo Elgarten,Male Volleyball,silver
115487,Maxim Mikhaylov,Male Volleyball,bronze
115564,Murilo Endres,Male Volleyball,silver
115762,Reid Priddy,Male Volleyball,gold
115774,Richard Lambourne,Male Volleyball,gold
115782,Riley Salmon,Male Volleyball,gold
115794,Rodrigão,Male Volleyball,silver
115825,Ryan Millar,Male Volleyball,gold
115838,Samuel Fuchs,Male Volleyball,silver
115866,Scott Touzinsky,Male Volleyball,gold
115867,Sean Rooney,Male Volleyball,gold
115870,Semyon Poltavskiy,Male Volleyball,bronze
115873,Sergey Grankin,Male Volleyball,bronze
115874,Sergey Tetyukhin,Male Volleyball,bronze
115969,Sérgio Santos,Male Volleyball,silver
116012,Thomas Hoff,Male Volleyball,gold
116062,Vadim Khamuttskikh,Male Volleyball,bronze
116199,Yury Berezhko,Male Volleyball,bronze
116518,Carolina Albuquerque,Female Volleyball,gold
116603,Danielle Scott-Arruda,Female Volleyball,silver
116754,Fabiana Claudino,Female Volleyball,gold
116756,Fabiana de Oliveira,Female Volleyball,gold
116771,Feng Kun,Female Volleyball,bronze
116781,Fofão,Female Volleyball,gold
116876,Heather Bown,Female Volleyball,silver
116979,Jaqueline Carvalho,Female Volleyball,gold
116998,Jennifer Joines,Female Volleyball,silver
117115,Kim Glass,Female Volleyball,silver
117126,Kim Willoughby,Female Volleyball,silver
117197,Li Juan,Female Volleyball,bronze
117215,Lindsey Berg,Female Volleyball,silver
117224,Liu Yanan,Female Volleyball,bronze
117228,Logan Tom,Female Volleyball,silver
117263,Ma Yunwen,Female Volleyball,bronze
117306,Marianne Steinbrecher,Female Volleyball,gold
117484,Nicole Davis,Female Volleyball,silver
117511,Ogonna Nnamani,Female Volleyball,silver
117575,Paula Pequeno,Female Volleyball,gold
117665,Robyn Ah Mow-Santos,Female Volleyball,silver
117765,Sheilla Castro,Female Volleyball,gold
117804,Stacy Sykora,Female Volleyball,silver
117873,Tayyiba Haneef-Park,Female Volleyball,silver
117879,Thaísa Menezes,Female Volleyball,gold
117942,Valeska Menezes,Female Volleyball,gold
117975,Walewska Oliveira,Female Volleyball,gold
117989,Wang Yimei,Female Volleyball,bronze
117992,Wei Qiuyue,Female Volleyball,bronze
117994,Welissa Gonzaga,Female Volleyball,gold
118016,Xu Yunli,Female Volleyball,bronze
118019,Xue Ming,Female Volleyball,bronze
118027,Yang Hao,Female Volleyball,bronze
118082,Zhang Na,Female Volleyball,bronze
118096,Zhao Ruirui,Female Volleyball,bronze
118102,Zhou Suhong,Female Volleyball,bronze
118136,Adam Wright,Male Water Polo,silver
118151,Aleksandar Ćirić,Male Water Polo,bronze
118152,Aleksandar Šapić,Male Water Polo,bronze
118241,Andrija Prlainović,Male Water Polo,bronze
118344,Brandon Brooks,Male Water Polo,silver
118346,Branko Peković,Male Water Polo,bronze
118513,Dejan Savić,Male Water Polo,bronze
118518,Denis Šefik,Male Water Polo,bronze
118551,Duško Pijetlović,Male Water Polo,bronze
118555,Dániel Varga,Male Water Polo,gold
118556,Dénes Varga,Male Water Polo,gold
118653,Filip Filipović,Male Water Polo,bronze
118688,Gergely Kiss,Male Water Polo,gold
118732,Gábor Kis,Male Water Polo,gold
118832,István Gergely,Male Water Polo,gold
118834,J. W. Krumpholz,Male Water Polo,silver
118867,Jeff Powers,Male Water Polo,silver
118881,Jesse Smith,Male Water Polo,silver
119041,Layne Beaubien,Male Water Polo,silver
119258,Merrill Moses,Male Water Polo,silver
119369,Nikola Rađen,Male Water Polo,bronze
119376,Norbert Hosnyánszky,Male Water Polo,gold
119377,Norbert Madaras,Male Water Polo,gold
119458,Peter Hudnut,Male Water Polo,silver
119462,Peter Varellas,Male Water Polo,silver
119477,Péter Biros,Male Water Polo,gold
119528,Rick Merlo,Male Water Polo,silver
119572,Ryan Bailey,Male Water Polo,silver
119660,Slobodan Soro,Male Water Polo,bronze
119727,Tamás Kásás,Male Water Polo,gold
119728,Tamás Molnár,Male Water Polo,gold
119729,Tamás Varga,Male Water Polo,gold
119768,Tibor Benedek,Male Water Polo,gold
119772,Tim Hutten,Male Water Polo,silver
119794,Tony Azevedo,Male Water Polo,silver
119819,Vanja Udovičić,Male Water Polo,bronze
119847,Vladimir Vujasinović,Male Water Polo,bronze
119985,Zoltán Szécsi,Male Water Polo,gold
119999,Živko Gocić,Male Water Polo,bronze
120040,Alette Sijbring,Female Water Polo,gold
120065,Alicia McCormack,Female Water Polo,bronze
120069,Alison Gregorka,Female Water Polo,silver
120077,Amy Hetzel,Female Water Polo,bronze
120207,Biurakn Hakhverdian,Female Water Polo,gold
120222,Brenda Villa,Female Water Polo,silver
120236,Brittany Hayes,Female Water Polo,silver
120238,Bronwen Knox,Female Water Polo,bronze
120356,Daniëlle de Bruijn,Female Water Polo,gold
120460,Elizabeth Armstrong,Female Water Polo,silver
120465,Elsie Windes,Female Water Polo,silver
120476,Emma Knox,Female Water Polo,bronze
120554,Gemma Beadsworth,Female Water Polo,bronze
120571,Gillian van den Berg,Female Water Polo,gold
120630,Heather Petri,Female Water Polo,silver
120671,Iefke van Belkum,Female Water Polo,gold
120680,Ilse van der Meijden,Female Water Polo,gold
120713,Jaime Komer,Female Water Polo,silver
120745,Jenna Santoromito,Female Water Polo,bronze
120758,Jessica Steffens,Female Water Polo,silver
120814,Kami Craig,Female Water Polo,silver
120828,Kate Gynther,Female Water Polo,bronze
120914,Lauren Wenger,Female Water Polo,silver
121060,Marieke van den Ham,Female Water Polo,gold
121122,Meike de Nooy,Female Water Polo,gold
121128,Melissa Rippon,Female Water Polo,bronze
121135,Mia Santoromito,Female Water Polo,bronze
121153,Mieke Cabout,Female Water Polo,gold
121182,Moriah van Norman,Female Water Polo,silver
121207,Natalie Golda,Female Water Polo,silver
121239,Nikita Cuffe,Female Water Polo,bronze
121249,Noeki Klein,Female Water Polo,gold
121320,Patty Cardenas,Female Water Polo,silver
121381,Rebecca Rippon,Female Water Polo,bronze
121396,Rianne Guichelaar,Female Water Polo,gold
121531,Simone Koot,Female Water Polo,gold
121584,Suzie Fraser,Female Water Polo,bronze
121611,Taniele Gofers,Female Water Polo,bronze
121786,Yasemin Smit,Female Water Polo,gold
121978,Andrei Aramnau,Male Weightlifting,gold
122037,Arsen Kasabiev,Male Weightlifting,silver
122282,Diego Salazar,Male Weightlifting,silver
122290,Dmitry Klokov,Male Weightlifting,silver
122322,Eko Irawan,Male Weightlifting,bronze
122374,Evgeny Chigishev,Male Weightlifting,silver
122442,Gevorg Davtyan,Male Weightlifting,bronze
122520,Hoang Anh Tuan,Male Weightlifting,silver
122587,Jadier Valladares,Male Weightlifting,bronze
122819,Li Hongli,Male Weightlifting,silver
122829,Liao Hui,Male Weightlifting,gold
122855,Long Qingquan,Male Weightlifting,gold
122863,Lu Yong,Male Weightlifting,gold
122917,Marcin Dołęga,Male Weightlifting,bronze
122979,Matthias Steiner,Male Weightlifting,gold
123329,Sa Jae-Hyouk,Male Weightlifting,gold
123468,Szymon Kołecki,Male Weightlifting,gold
123520,Tigran Vardan Martirosyan,Male Weightlifting,silver
123553,Triyatno,Male Weightlifting,bronze
123574,Vencelas Dabaya,Male Weightlifting,silver
123587,Viktors Ščerbatihs,Male Weightlifting,bronze
123680,Yoandry Hernández,Male Weightlifting,bronze
123688,Yordanis Borrero,Male Weightlifting,bronze
123712,Zhang Xiangxiang,Male Weightlifting,gold
123753,Abeer Abdelrahman,Female Weightlifting,bronze
123820,Alla Vazhenina,Female Weightlifting,gold
124038,Chen Wei-ling,Female Weightlifting,gold
124039,Chen Yanqing,Female Weightlifting,gold
124068,Christine Girard,Female Weightlifting,bronze
124098,Damaris Gabriela Aguirre Aldaz,Female Weightlifting,bronze
124199,Ele Opeloge,Female Weightlifting,silver
124433,Im Jyoung-Hwa,Female Weightlifting,silver
124475,Jang Mi-ran,Female Weightlifting,gold
124693,Leydi Solís,Female Weightlifting,silver
124737,Lu Ying-chi,Female Weightlifting,silver
124756,Lydia Valentín,Female Weightlifting,silver
124803,Mariam Usman,Female Weightlifting,bronze
125010,O Jong-ae,Female Weightlifting,silver
125017,Oksana Slivenko,Female Weightlifting,gold
125052,Pak Hyon-suk,Female Weightlifting,gold
125080,Pensiri Laosirikul,Female Weightlifting,bronze
125097,Prapawadee Jaroenrattanatarakoon,Female Weightlifting,gold
125109,Raema Lisa Rumbewas,Female Weightlifting,bronze
125479,Wandee Kameaim,Female Weightlifting,bronze
125560,Yoon Jin-Hee,Female Weightlifting,silver
125742,Andriy Stadnik,Male Freestyle Wrestling,silver
125803,Bakhtiyar Akhmedov,Male Freestyle Wrestling,gold
125808,Bazar Bazarguruev,Male Freestyle Wrestling,bronze
125828,Besik Kudukhov,Male Freestyle Wrestling,bronze
125872,Buvaisar Saitiev,Male Freestyle Wrestling,gold
126001,David Musuľbes,Male Freestyle Wrestling,silver
126036,Disney Rodríguez,Male Freestyle Wrestling,bronze
126185,Georgy Ketoyev,Male Freestyle Wrestling,bronze
126193,Gheorghiță Ștefan,Male Freestyle Wrestling,bronze
126199,Giorgi Gogshelidze,Male Freestyle Wrestling,silver
126262,Henry Cejudo,Male Freestyle Wrestling,gold
126469,Kenichi Yumoto,Male Freestyle Wrestling,silver
126485,Khetag Gazyumov,Male Freestyle Wrestling,bronze
126503,Kiril Terziev,Male Freestyle Wrestling,bronze
126683,Marid Mutalimov,Male Freestyle Wrestling,bronze
126735,Mavlet Batirov,Male Freestyle Wrestling,gold
126773,Michel Batista Martínez,Male Freestyle Wrestling,bronze
126806,Morad Mohammadi,Male Freestyle Wrestling,bronze
126813,Murad Gaidarov,Male Freestyle Wrestling,silver
126918,Otar Tushishvili,Male Freestyle Wrestling,bronze
126982,Radoslav Velikov,Male Freestyle Wrestling,bronze
126994,Ramazan Şahin,Male Freestyle Wrestling,gold
127020,Revaz Mindorashvili,Male Freestyle Wrestling,gold
127148,Shirvani Muradov,Male Freestyle Wrestling,gold
127208,Sushil Kumar,Male Freestyle Wrestling,bronze
127238,Taras Danko,Male Freestyle Wrestling,bronze
127289,Tomohiro Matsunaga,Male Freestyle Wrestling,silver
127451,Yusup Abdusalomov,Male Freestyle Wrestling,silver
127515,Agnieszka Wieszczek-Kordus,Female Freestyle Wrestling,bronze
127537,Alena Kartashova,Female Freestyle Wrestling,silver
127767,Carol Huynh,Female Freestyle Wrestling,gold
127797,Chiharu Icho,Female Freestyle Wrestling,silver
128201,Iryna Merleni,Female Freestyle Wrestling,bronze
128210,Jackeline Rentería,Female Freestyle Wrestling,bronze
128318,Kaori Icho,Female Freestyle Wrestling,gold
128399,Kyoko Hamaguchi,Female Freestyle Wrestling,bronze
128571,Mariya Stadnik,Female Freestyle Wrestling,bronze
128873,Randi Miller,Female Freestyle Wrestling,bronze
128976,Saori Yoshida,Female Freestyle Wrestling,gold
129056,Stanka Zlateva,Female Freestyle Wrestling,silver
129171,Tonya Verbeek,Female Freestyle Wrestling,bronze
129232,Wang Jiao,Female Freestyle Wrestling,gold
129262,Xu Li,Female Freestyle Wrestling,silver
129297,Yelena Shalygina,Female Freestyle Wrestling,bronze
129384,Adam Wheeler,Male Greco-Roman Wrestling,bronze
129471,Andrea Minguzzi,Male Greco-Roman Wrestling,gold
129534,Armen Vardanyan,Male Greco-Roman Wrestling,bronze
129544,Aslanbek Khushtov,Male Greco-Roman Wrestling,gold
129655,Chang Yongxiang,Male Greco-Roman Wrestling,silver
129698,Christophe Guénot,Male Greco-Roman Wrestling,bronze
130080,Islambek Albiev,Male Greco-Roman Wrestling,gold
130191,Kanatbek Begaliev,Male Greco-Roman Wrestling,silver
130406,Manuchar Kvirkvelia,Male Greco-Roman Wrestling,gold
130421,Marek Švec,Male Greco-Roman Wrestling,bronze
130531,Mijaín López,Male Greco-Roman Wrestling,gold
130541,Mikhail Siamionau,Male Greco-Roman Wrestling,bronze
130543,Mindaugas Mizgaitis,Male Greco-Roman Wrestling,silver
130547,Mirko Englich,Male Greco-Roman Wrestling,silver
130597,Nazmi Avluca,Male Greco-Roman Wrestling,bronze
130598,Nazyr Mankiev,Male Greco-Roman Wrestling,gold
130634,Nurbakyt Tengizbayev,Male Greco-Roman Wrestling,silver
130687,Park Eun-Chul,Male Greco-Roman Wrestling,bronze
130802,Roman Amoyan,Male Greco-Roman Wrestling,bronze
130816,Rovshan Bayramov,Male Greco-Roman Wrestling,silver
130821,Ruslan Tumenbaev,Male Greco-Roman Wrestling,bronze
130892,Sheng Jiang,Male Greco-Roman Wrestling,bronze
130932,Steeve Guénot,Male Greco-Roman Wrestling,gold
131159,Yannick Szczepaniak,Male Greco-Roman Wrestling,bronze
131162,Yavor Yanakiev,Male Greco-Roman Wrestling,bronze
131200,Yury Patrikeyev,Male Greco-Roman Wrestling,bronze
131234,Zoltán Fodor,Male Greco-Roman Wrestling,silver
